nom_commune,nom,siren,code_naf,tranche_effectif,latitude,longitude,adresse,cp_entreprise,libelle_naf,libelle_tranche
Grenoble,LA POSTE,356000000,53.10Z,53,,,DIRECTION GENERALE DE LA POSTE 9 RUE DU COLONEL PIERRE AVIA 75015 PARIS,75015,Activités de poste dans le cadre d'une obligation de service universel,10 000 salariés et plus
Grenoble,ELECTRICITE DE FRANCE,552081317,35.11Z,53,,,22-30 22 AVENUE DE WAGRAM 75008 PARIS,75008,Production d'électricité,10 000 salariés et plus
Grenoble,ELIOR RESTAURATION FRANCE,662025196,56.29B,53,,,51 CHEMIN DES MECHES 94000 CRETEIL,94000,Autres services de restauration n.c.a.,10 000 salariés et plus
Grenoble,SOCIETE GENERALE,552120222,64.19Z,53,,,29 BOULEVARD HAUSSMANN 75009 PARIS,75009,Autres intermédiations monétaires,10 000 salariés et plus
Grenoble,SNCF RESEAU,412280737,52.21Z,53,,,15 AU 17 15 RUE JEAN-PHILIPPE RAMEAU 93200 SAINT-DENIS,93200,Services auxiliaires des transports terrestres,10 000 salariés et plus
Grenoble,CROIX ROUGE FRANCAISE,775672272,88.99B,53,,,SITE CROIX ROUGE 98 RUE DIDOT 75014 PARIS,75014,Action sociale sans hébergement n.c.a.,10 000 salariés et plus
Grenoble,BNP PARIBAS,662042449,64.19Z,53,,,16 BOULEVARD DES ITALIENS 75009 PARIS,75009,Autres intermédiations monétaires,10 000 salariés et plus
Grenoble,LE SOUVENIR FRANCAIS,775676182,94.99Z,11,,,20 RUE EUGENE FLACHAT 75017 PARIS,75017,Autres organisations fonctionnant par adhésion volontaire,10 à 19 salariés
Grenoble,ORANGE,380129866,61.10Z,53,,,111 QUAI DU PRESIDENT ROOSEVELT 92130 ISSY-LES-MOULINEAUX,92130,Télécommunications filaires,10 000 salariés et plus
Grenoble,COMPASS GROUP FRANCE,632041042,56.29A,53,,,15 BOULEVARD GABRIEL PERI 92240 MALAKOFF,92240,Restauration collective sous contrat,10 000 salariés et plus
Voiron,LA POSTE,356000000,53.10Z,53,,,DIRECTION GENERALE DE LA POSTE 9 RUE DU COLONEL PIERRE AVIA 75015 PARIS,75015,Activités de poste dans le cadre d'une obligation de service universel,10 000 salariés et plus
Voiron,ELECTRICITE DE FRANCE,552081317,35.11Z,53,,,22-30 22 AVENUE DE WAGRAM 75008 PARIS,75008,Production d'électricité,10 000 salariés et plus
Voiron,ELIOR RESTAURATION FRANCE,662025196,56.29B,53,,,51 CHEMIN DES MECHES 94000 CRETEIL,94000,Autres services de restauration n.c.a.,10 000 salariés et plus
Voiron,SOCIETE GENERALE,552120222,64.19Z,53,,,29 BOULEVARD HAUSSMANN 75009 PARIS,75009,Autres intermédiations monétaires,10 000 salariés et plus
Voiron,CROIX ROUGE FRANCAISE,775672272,88.99B,53,,,SITE CROIX ROUGE 98 RUE DIDOT 75014 PARIS,75014,Action sociale sans hébergement n.c.a.,10 000 salariés et plus
Voiron,BNP PARIBAS,662042449,64.19Z,53,,,16 BOULEVARD DES ITALIENS 75009 PARIS,75009,Autres intermédiations monétaires,10 000 salariés et plus
Voiron,LE SOUVENIR FRANCAIS,775676182,94.99Z,11,,,20 RUE EUGENE FLACHAT 75017 PARIS,75017,Autres organisations fonctionnant par adhésion volontaire,10 à 19 salariés
Voiron,ORANGE,380129866,61.10Z,53,,,111 QUAI DU PRESIDENT ROOSEVELT 92130 ISSY-LES-MOULINEAUX,92130,Télécommunications filaires,10 000 salariés et plus
Voiron,COMPASS GROUP FRANCE,632041042,56.29A,53,,,15 BOULEVARD GABRIEL PERI 92240 MALAKOFF,92240,Restauration collective sous contrat,10 000 salariés et plus
Voiron,LIDL,343262622,47.11D,53,,,1 RUE DE HANOVRE 92290 CHATENAY-MALABRY,92290,Supermarchés,10 000 salariés et plus
Vienne,LA POSTE,356000000,53.10Z,53,,,DIRECTION GENERALE DE LA POSTE 9 RUE DU COLONEL PIERRE AVIA 75015 PARIS,75015,Activités de poste dans le cadre d'une obligation de service universel,10 000 salariés et plus
Vienne,ELECTRICITE DE FRANCE,552081317,35.11Z,53,,,22-30 22 AVENUE DE WAGRAM 75008 PARIS,75008,Production d'électricité,10 000 salariés et plus
Vienne,ELIOR RESTAURATION FRANCE,662025196,56.29B,53,,,51 CHEMIN DES MECHES 94000 CRETEIL,94000,Autres services de restauration n.c.a.,10 000 salariés et plus
Vienne,SOCIETE GENERALE,552120222,64.19Z,53,,,29 BOULEVARD HAUSSMANN 75009 PARIS,75009,Autres intermédiations monétaires,10 000 salariés et plus
Vienne,SNCF RESEAU,412280737,52.21Z,53,,,15 AU 17 15 RUE JEAN-PHILIPPE RAMEAU 93200 SAINT-DENIS,93200,Services auxiliaires des transports terrestres,10 000 salariés et plus
Vienne,CROIX ROUGE FRANCAISE,775672272,88.99B,53,,,SITE CROIX ROUGE 98 RUE DIDOT 75014 PARIS,75014,Action sociale sans hébergement n.c.a.,10 000 salariés et plus
Vienne,BNP PARIBAS,662042449,64.19Z,53,,,16 BOULEVARD DES ITALIENS 75009 PARIS,75009,Autres intermédiations monétaires,10 000 salariés et plus
Vienne,ORANGE,380129866,61.10Z,53,,,111 QUAI DU PRESIDENT ROOSEVELT 92130 ISSY-LES-MOULINEAUX,92130,Télécommunications filaires,10 000 salariés et plus
Vienne,COMPASS GROUP FRANCE,632041042,56.29A,53,,,15 BOULEVARD GABRIEL PERI 92240 MALAKOFF,92240,Restauration collective sous contrat,10 000 salariés et plus
Vienne,LIDL,343262622,47.11D,53,,,1 RUE DE HANOVRE 92290 CHATENAY-MALABRY,92290,Supermarchés,10 000 salariés et plus
Bourgoin-Jallieu,LA POSTE,356000000,53.10Z,53,,,DIRECTION GENERALE DE LA POSTE 9 RUE DU COLONEL PIERRE AVIA 75015 PARIS,75015,Activités de poste dans le cadre d'une obligation de service universel,10 000 salariés et plus
Bourgoin-Jallieu,ELECTRICITE DE FRANCE,552081317,35.11Z,53,,,22-30 22 AVENUE DE WAGRAM 75008 PARIS,75008,Production d'électricité,10 000 salariés et plus
Bourgoin-Jallieu,ELIOR RESTAURATION FRANCE,662025196,56.29B,53,,,51 CHEMIN DES MECHES 94000 CRETEIL,94000,Autres services de restauration n.c.a.,10 000 salariés et plus
Bourgoin-Jallieu,SOCIETE GENERALE,552120222,64.19Z,53,,,29 BOULEVARD HAUSSMANN 75009 PARIS,75009,Autres intermédiations monétaires,10 000 salariés et plus
Bourgoin-Jallieu,SNCF RESEAU,412280737,52.21Z,53,,,15 AU 17 15 RUE JEAN-PHILIPPE RAMEAU 93200 SAINT-DENIS,93200,Services auxiliaires des transports terrestres,10 000 salariés et plus
Bourgoin-Jallieu,CROIX ROUGE FRANCAISE,775672272,88.99B,53,,,SITE CROIX ROUGE 98 RUE DIDOT 75014 PARIS,75014,Action sociale sans hébergement n.c.a.,10 000 salariés et plus
Bourgoin-Jallieu,BNP PARIBAS,662042449,64.19Z,53,,,16 BOULEVARD DES ITALIENS 75009 PARIS,75009,Autres intermédiations monétaires,10 000 salariés et plus
Bourgoin-Jallieu,LE SOUVENIR FRANCAIS,775676182,94.99Z,11,,,20 RUE EUGENE FLACHAT 75017 PARIS,75017,Autres organisations fonctionnant par adhésion volontaire,10 à 19 salariés
Bourgoin-Jallieu,ORANGE,380129866,61.10Z,53,,,111 QUAI DU PRESIDENT ROOSEVELT 92130 ISSY-LES-MOULINEAUX,92130,Télécommunications filaires,10 000 salariés et plus
Bourgoin-Jallieu,COMPASS GROUP FRANCE,632041042,56.29A,53,,,15 BOULEVARD GABRIEL PERI 92240 MALAKOFF,92240,Restauration collective sous contrat,10 000 salariés et plus
Échirolles,LA POSTE,356000000,53.10Z,53,,,DIRECTION GENERALE DE LA POSTE 9 RUE DU COLONEL PIERRE AVIA 75015 PARIS,75015,Activités de poste dans le cadre d'une obligation de service universel,10 000 salariés et plus
Échirolles,ELECTRICITE DE FRANCE,552081317,35.11Z,53,,,22-30 22 AVENUE DE WAGRAM 75008 PARIS,75008,Production d'électricité,10 000 salariés et plus
Échirolles,ELIOR RESTAURATION FRANCE,662025196,56.29B,53,,,51 CHEMIN DES MECHES 94000 CRETEIL,94000,Autres services de restauration n.c.a.,10 000 salariés et plus
Échirolles,SOCIETE GENERALE,552120222,64.19Z,53,,,29 BOULEVARD HAUSSMANN 75009 PARIS,75009,Autres intermédiations monétaires,10 000 salariés et plus
Échirolles,SNCF RESEAU,412280737,52.21Z,53,,,15 AU 17 15 RUE JEAN-PHILIPPE RAMEAU 93200 SAINT-DENIS,93200,Services auxiliaires des transports terrestres,10 000 salariés et plus
Échirolles,CROIX ROUGE FRANCAISE,775672272,88.99B,53,,,SITE CROIX ROUGE 98 RUE DIDOT 75014 PARIS,75014,Action sociale sans hébergement n.c.a.,10 000 salariés et plus
Échirolles,BNP PARIBAS,662042449,64.19Z,53,,,16 BOULEVARD DES ITALIENS 75009 PARIS,75009,Autres intermédiations monétaires,10 000 salariés et plus
Échirolles,LE SOUVENIR FRANCAIS,775676182,94.99Z,11,,,20 RUE EUGENE FLACHAT 75017 PARIS,75017,Autres organisations fonctionnant par adhésion volontaire,10 à 19 salariés
Échirolles,ORANGE,380129866,61.10Z,53,,,111 QUAI DU PRESIDENT ROOSEVELT 92130 ISSY-LES-MOULINEAUX,92130,Télécommunications filaires,10 000 salariés et plus
Échirolles,COMPASS GROUP FRANCE,632041042,56.29A,53,,,15 BOULEVARD GABRIEL PERI 92240 MALAKOFF,92240,Restauration collective sous contrat,10 000 salariés et plus
Saint-Martin-d'Hères,LA POSTE,356000000,53.10Z,53,,,DIRECTION GENERALE DE LA POSTE 9 RUE DU COLONEL PIERRE AVIA 75015 PARIS,75015,Activités de poste dans le cadre d'une obligation de service universel,10 000 salariés et plus
Saint-Martin-d'Hères,ELECTRICITE DE FRANCE,552081317,35.11Z,53,,,22-30 22 AVENUE DE WAGRAM 75008 PARIS,75008,Production d'électricité,10 000 salariés et plus
Saint-Martin-d'Hères,ELIOR RESTAURATION FRANCE,662025196,56.29B,53,,,51 CHEMIN DES MECHES 94000 CRETEIL,94000,Autres services de restauration n.c.a.,10 000 salariés et plus
Saint-Martin-d'Hères,SOCIETE GENERALE,552120222,64.19Z,53,,,29 BOULEVARD HAUSSMANN 75009 PARIS,75009,Autres intermédiations monétaires,10 000 salariés et plus
Saint-Martin-d'Hères,SNCF RESEAU,412280737,52.21Z,53,,,15 AU 17 15 RUE JEAN-PHILIPPE RAMEAU 93200 SAINT-DENIS,93200,Services auxiliaires des transports terrestres,10 000 salariés et plus
Saint-Martin-d'Hères,CROIX ROUGE FRANCAISE,775672272,88.99B,53,,,SITE CROIX ROUGE 98 RUE DIDOT 75014 PARIS,75014,Action sociale sans hébergement n.c.a.,10 000 salariés et plus
Saint-Martin-d'Hères,BNP PARIBAS,662042449,64.19Z,53,,,16 BOULEVARD DES ITALIENS 75009 PARIS,75009,Autres intermédiations monétaires,10 000 salariés et plus
Saint-Martin-d'Hères,LE SOUVENIR FRANCAIS,775676182,94.99Z,11,,,20 RUE EUGENE FLACHAT 75017 PARIS,75017,Autres organisations fonctionnant par adhésion volontaire,10 à 19 salariés
Saint-Martin-d'Hères,ORANGE,380129866,61.10Z,53,,,111 QUAI DU PRESIDENT ROOSEVELT 92130 ISSY-LES-MOULINEAUX,92130,Télécommunications filaires,10 000 salariés et plus
Saint-Martin-d'Hères,COMPASS GROUP FRANCE,632041042,56.29A,53,,,15 BOULEVARD GABRIEL PERI 92240 MALAKOFF,92240,Restauration collective sous contrat,10 000 salariés et plus
Villefontaine,LA POSTE,356000000,53.10Z,53,,,DIRECTION GENERALE DE LA POSTE 9 RUE DU COLONEL PIERRE AVIA 75015 PARIS,75015,Activités de poste dans le cadre d'une obligation de service universel,10 000 salariés et plus
Villefontaine,ELECTRICITE DE FRANCE,552081317,35.11Z,53,,,22-30 22 AVENUE DE WAGRAM 75008 PARIS,75008,Production d'électricité,10 000 salariés et plus
Villefontaine,ELIOR RESTAURATION FRANCE,662025196,56.29B,53,,,51 CHEMIN DES MECHES 94000 CRETEIL,94000,Autres services de restauration n.c.a.,10 000 salariés et plus
Villefontaine,SOCIETE GENERALE,552120222,64.19Z,53,,,29 BOULEVARD HAUSSMANN 75009 PARIS,75009,Autres intermédiations monétaires,10 000 salariés et plus
Villefontaine,SNCF RESEAU,412280737,52.21Z,53,,,15 AU 17 15 RUE JEAN-PHILIPPE RAMEAU 93200 SAINT-DENIS,93200,Services auxiliaires des transports terrestres,10 000 salariés et plus
Villefontaine,CROIX ROUGE FRANCAISE,775672272,88.99B,53,,,SITE CROIX ROUGE 98 RUE DIDOT 75014 PARIS,75014,Action sociale sans hébergement n.c.a.,10 000 salariés et plus
Villefontaine,BNP PARIBAS,662042449,64.19Z,53,,,16 BOULEVARD DES ITALIENS 75009 PARIS,75009,Autres intermédiations monétaires,10 000 salariés et plus
Villefontaine,ORANGE,380129866,61.10Z,53,,,111 QUAI DU PRESIDENT ROOSEVELT 92130 ISSY-LES-MOULINEAUX,92130,Télécommunications filaires,10 000 salariés et plus
Villefontaine,COMPASS GROUP FRANCE,632041042,56.29A,53,,,15 BOULEVARD GABRIEL PERI 92240 MALAKOFF,92240,Restauration collective sous contrat,10 000 salariés et plus
Villefontaine,LIDL,343262622,47.11D,53,,,1 RUE DE HANOVRE 92290 CHATENAY-MALABRY,92290,Supermarchés,10 000 salariés et plus
Crolles,LA POSTE,356000000,53.10Z,53,,,DIRECTION GENERALE DE LA POSTE 9 RUE DU COLONEL PIERRE AVIA 75015 PARIS,75015,Activités de poste dans le cadre d'une obligation de service universel,10 000 salariés et plus
Crolles,ELIOR RESTAURATION FRANCE,662025196,56.29B,53,,,51 CHEMIN DES MECHES 94000 CRETEIL,94000,Autres services de restauration n.c.a.,10 000 salariés et plus
Crolles,SOCIETE GENERALE,552120222,64.19Z,53,,,29 BOULEVARD HAUSSMANN 75009 PARIS,75009,Autres intermédiations monétaires,10 000 salariés et plus
Crolles,CROIX ROUGE FRANCAISE,775672272,88.99B,53,,,SITE CROIX ROUGE 98 RUE DIDOT 75014 PARIS,75014,Action sociale sans hébergement n.c.a.,10 000 salariés et plus
Crolles,BNP PARIBAS,662042449,64.19Z,53,,,16 BOULEVARD DES ITALIENS 75009 PARIS,75009,Autres intermédiations monétaires,10 000 salariés et plus
Crolles,COMPASS GROUP FRANCE,632041042,56.29A,53,,,15 BOULEVARD GABRIEL PERI 92240 MALAKOFF,92240,Restauration collective sous contrat,10 000 salariés et plus
Crolles,LIDL,343262622,47.11D,53,,,1 RUE DE HANOVRE 92290 CHATENAY-MALABRY,92290,Supermarchés,10 000 salariés et plus
Crolles,SNCF VOYAGEURS,519037584,49.10Z,53,,,1 RUE CAMILLE MOKE 93210 SAINT-DENIS,93210,Transport ferroviaire interurbain de voyageurs,10 000 salariés et plus
Crolles,CREDIT LYONNAIS,954509741,64.19Z,53,,,18 RUE DE LA REPUBLIQUE 69002 LYON,69002,Autres intermédiations monétaires,10 000 salariés et plus
Crolles,PICARD SURGELES,784939688,47.11A,52,,,1 ROUTE MILITAIRE 77300 FONTAINEBLEAU,77300,Commerce de détail de produits surgelés,5 000 à 9 999 salariés
Meylan,LA POSTE,356000000,53.10Z,53,,,DIRECTION GENERALE DE LA POSTE 9 RUE DU COLONEL PIERRE AVIA 75015 PARIS,75015,Activités de poste dans le cadre d'une obligation de service universel,10 000 salariés et plus
Meylan,ELECTRICITE DE FRANCE,552081317,35.11Z,53,,,22-30 22 AVENUE DE WAGRAM 75008 PARIS,75008,Production d'électricité,10 000 salariés et plus
Meylan,ELIOR RESTAURATION FRANCE,662025196,56.29B,53,,,51 CHEMIN DES MECHES 94000 CRETEIL,94000,Autres services de restauration n.c.a.,10 000 salariés et plus
Meylan,SOCIETE GENERALE,552120222,64.19Z,53,,,29 BOULEVARD HAUSSMANN 75009 PARIS,75009,Autres intermédiations monétaires,10 000 salariés et plus
Meylan,SNCF RESEAU,412280737,52.21Z,53,,,15 AU 17 15 RUE JEAN-PHILIPPE RAMEAU 93200 SAINT-DENIS,93200,Services auxiliaires des transports terrestres,10 000 salariés et plus
Meylan,BNP PARIBAS,662042449,64.19Z,53,,,16 BOULEVARD DES ITALIENS 75009 PARIS,75009,Autres intermédiations monétaires,10 000 salariés et plus
Meylan,LE SOUVENIR FRANCAIS,775676182,94.99Z,11,,,20 RUE EUGENE FLACHAT 75017 PARIS,75017,Autres organisations fonctionnant par adhésion volontaire,10 à 19 salariés
Meylan,ORANGE,380129866,61.10Z,53,,,111 QUAI DU PRESIDENT ROOSEVELT 92130 ISSY-LES-MOULINEAUX,92130,Télécommunications filaires,10 000 salariés et plus
Meylan,COMPASS GROUP FRANCE,632041042,56.29A,53,,,15 BOULEVARD GABRIEL PERI 92240 MALAKOFF,92240,Restauration collective sous contrat,10 000 salariés et plus
Meylan,LIDL,343262622,47.11D,53,,,1 RUE DE HANOVRE 92290 CHATENAY-MALABRY,92290,Supermarchés,10 000 salariés et plus
Pont-de-Claix,LA POSTE,356000000,53.10Z,53,,,DIRECTION GENERALE DE LA POSTE 9 RUE DU COLONEL PIERRE AVIA 75015 PARIS,75015,Activités de poste dans le cadre d'une obligation de service universel,10 000 salariés et plus
Pont-de-Claix,ELECTRICITE DE FRANCE,552081317,35.11Z,53,,,22-30 22 AVENUE DE WAGRAM 75008 PARIS,75008,Production d'électricité,10 000 salariés et plus
Pont-de-Claix,ELIOR RESTAURATION FRANCE,662025196,56.29B,53,,,51 CHEMIN DES MECHES 94000 CRETEIL,94000,Autres services de restauration n.c.a.,10 000 salariés et plus
Pont-de-Claix,SOCIETE GENERALE,552120222,64.19Z,53,,,29 BOULEVARD HAUSSMANN 75009 PARIS,75009,Autres intermédiations monétaires,10 000 salariés et plus
Pont-de-Claix,SNCF RESEAU,412280737,52.21Z,53,,,15 AU 17 15 RUE JEAN-PHILIPPE RAMEAU 93200 SAINT-DENIS,93200,Services auxiliaires des transports terrestres,10 000 salariés et plus
Pont-de-Claix,CROIX ROUGE FRANCAISE,775672272,88.99B,53,,,SITE CROIX ROUGE 98 RUE DIDOT 75014 PARIS,75014,Action sociale sans hébergement n.c.a.,10 000 salariés et plus
Pont-de-Claix,BNP PARIBAS,662042449,64.19Z,53,,,16 BOULEVARD DES ITALIENS 75009 PARIS,75009,Autres intermédiations monétaires,10 000 salariés et plus
Pont-de-Claix,LE SOUVENIR FRANCAIS,775676182,94.99Z,11,,,20 RUE EUGENE FLACHAT 75017 PARIS,75017,Autres organisations fonctionnant par adhésion volontaire,10 à 19 salariés
Pont-de-Claix,ORANGE,380129866,61.10Z,53,,,111 QUAI DU PRESIDENT ROOSEVELT 92130 ISSY-LES-MOULINEAUX,92130,Télécommunications filaires,10 000 salariés et plus
Pont-de-Claix,COMPASS GROUP FRANCE,632041042,56.29A,53,,,15 BOULEVARD GABRIEL PERI 92240 MALAKOFF,92240,Restauration collective sous contrat,10 000 salariés et plus
Vizille,LA POSTE,356000000,53.10Z,53,,,DIRECTION GENERALE DE LA POSTE 9 RUE DU COLONEL PIERRE AVIA 75015 PARIS,75015,Activités de poste dans le cadre d'une obligation de service universel,10 000 salariés et plus
Vizille,ELECTRICITE DE FRANCE,552081317,35.11Z,53,,,22-30 22 AVENUE DE WAGRAM 75008 PARIS,75008,Production d'électricité,10 000 salariés et plus
Vizille,SNCF RESEAU,412280737,52.21Z,53,,,15 AU 17 15 RUE JEAN-PHILIPPE RAMEAU 93200 SAINT-DENIS,93200,Services auxiliaires des transports terrestres,10 000 salariés et plus
Vizille,BNP PARIBAS,662042449,64.19Z,53,,,16 BOULEVARD DES ITALIENS 75009 PARIS,75009,Autres intermédiations monétaires,10 000 salariés et plus
Vizille,COMPASS GROUP FRANCE,632041042,56.29A,53,,,15 BOULEVARD GABRIEL PERI 92240 MALAKOFF,92240,Restauration collective sous contrat,10 000 salariés et plus
Vizille,LIDL,343262622,47.11D,53,,,1 RUE DE HANOVRE 92290 CHATENAY-MALABRY,92290,Supermarchés,10 000 salariés et plus
Vizille,CREDIT LYONNAIS,954509741,64.19Z,53,,,18 RUE DE LA REPUBLIQUE 69002 LYON,69002,Autres intermédiations monétaires,10 000 salariés et plus
Vizille,ENEDIS,444608442,35.13Z,53,,,4 PLACE DE LA PYRAMIDE 92800 PUTEAUX,92800,Distribution d'électricité,10 000 salariés et plus
Vizille,SODEXO SANTE MEDICO SOCIAL,338253081,56.29A,52,,,6 RUE DE LA REDOUTE 78280 GUYANCOURT,78280,Restauration collective sous contrat,5 000 à 9 999 salariés
Vizille,ENGIE ENERGIE SERVICES,552046955,35.30Z,53,,,67 RUE JULES FERRY 92250 LA GARENNE-COLOMBES,92250,Production et distribution de vapeur et d'air conditionné,10 000 salariés et plus
Voreppe,LA POSTE,356000000,53.10Z,53,,,DIRECTION GENERALE DE LA POSTE 9 RUE DU COLONEL PIERRE AVIA 75015 PARIS,75015,Activités de poste dans le cadre d'une obligation de service universel,10 000 salariés et plus
Voreppe,ELIOR RESTAURATION FRANCE,662025196,56.29B,53,,,51 CHEMIN DES MECHES 94000 CRETEIL,94000,Autres services de restauration n.c.a.,10 000 salariés et plus
Voreppe,SOCIETE GENERALE,552120222,64.19Z,53,,,29 BOULEVARD HAUSSMANN 75009 PARIS,75009,Autres intermédiations monétaires,10 000 salariés et plus
Voreppe,SNCF RESEAU,412280737,52.21Z,53,,,15 AU 17 15 RUE JEAN-PHILIPPE RAMEAU 93200 SAINT-DENIS,93200,Services auxiliaires des transports terrestres,10 000 salariés et plus
Voreppe,BNP PARIBAS,662042449,64.19Z,53,,,16 BOULEVARD DES ITALIENS 75009 PARIS,75009,Autres intermédiations monétaires,10 000 salariés et plus
Voreppe,LE SOUVENIR FRANCAIS,775676182,94.99Z,11,,,20 RUE EUGENE FLACHAT 75017 PARIS,75017,Autres organisations fonctionnant par adhésion volontaire,10 à 19 salariés
Voreppe,COMPASS GROUP FRANCE,632041042,56.29A,53,,,15 BOULEVARD GABRIEL PERI 92240 MALAKOFF,92240,Restauration collective sous contrat,10 000 salariés et plus
Voreppe,MCDONALD'S FRANCE,722003936,68.20B,NN,,,Z I 1 RUE GUSTAVE EIFFEL 78280 GUYANCOURT,78280,Location de terrains et d'autres biens immobiliers,Unités non employeuses
Voreppe,API RESTAURATION,477181010,56.29A,52,,,384 RUE DU GENERAL DE GAULLE 59370 MONS-EN-BARŒUL,59370,Restauration collective sous contrat,5 000 à 9 999 salariés
Voreppe,SOGERES,572102176,56.29B,52,,,6 RUE DE LA REDOUTE 78280 GUYANCOURT,78280,Autres services de restauration n.c.a.,5 000 à 9 999 salariés
Sassenage,LA POSTE,356000000,53.10Z,53,,,DIRECTION GENERALE DE LA POSTE 9 RUE DU COLONEL PIERRE AVIA 75015 PARIS,75015,Activités de poste dans le cadre d'une obligation de service universel,10 000 salariés et plus
Sassenage,ELECTRICITE DE FRANCE,552081317,35.11Z,53,,,22-30 22 AVENUE DE WAGRAM 75008 PARIS,75008,Production d'électricité,10 000 salariés et plus
Sassenage,ELIOR RESTAURATION FRANCE,662025196,56.29B,53,,,51 CHEMIN DES MECHES 94000 CRETEIL,94000,Autres services de restauration n.c.a.,10 000 salariés et plus
Sassenage,SOCIETE GENERALE,552120222,64.19Z,53,,,29 BOULEVARD HAUSSMANN 75009 PARIS,75009,Autres intermédiations monétaires,10 000 salariés et plus
Sassenage,SNCF RESEAU,412280737,52.21Z,53,,,15 AU 17 15 RUE JEAN-PHILIPPE RAMEAU 93200 SAINT-DENIS,93200,Services auxiliaires des transports terrestres,10 000 salariés et plus
Sassenage,BNP PARIBAS,662042449,64.19Z,53,,,16 BOULEVARD DES ITALIENS 75009 PARIS,75009,Autres intermédiations monétaires,10 000 salariés et plus
Sassenage,LE SOUVENIR FRANCAIS,775676182,94.99Z,11,,,20 RUE EUGENE FLACHAT 75017 PARIS,75017,Autres organisations fonctionnant par adhésion volontaire,10 à 19 salariés
Sassenage,ORANGE,380129866,61.10Z,53,,,111 QUAI DU PRESIDENT ROOSEVELT 92130 ISSY-LES-MOULINEAUX,92130,Télécommunications filaires,10 000 salariés et plus
Sassenage,COMPASS GROUP FRANCE,632041042,56.29A,53,,,15 BOULEVARD GABRIEL PERI 92240 MALAKOFF,92240,Restauration collective sous contrat,10 000 salariés et plus
Sassenage,LIDL,343262622,47.11D,53,,,1 RUE DE HANOVRE 92290 CHATENAY-MALABRY,92290,Supermarchés,10 000 salariés et plus
Fontaine,LA POSTE,356000000,53.10Z,53,,,DIRECTION GENERALE DE LA POSTE 9 RUE DU COLONEL PIERRE AVIA 75015 PARIS,75015,Activités de poste dans le cadre d'une obligation de service universel,10 000 salariés et plus
Fontaine,ELECTRICITE DE FRANCE,552081317,35.11Z,53,,,22-30 22 AVENUE DE WAGRAM 75008 PARIS,75008,Production d'électricité,10 000 salariés et plus
Fontaine,ELIOR RESTAURATION FRANCE,662025196,56.29B,53,,,51 CHEMIN DES MECHES 94000 CRETEIL,94000,Autres services de restauration n.c.a.,10 000 salariés et plus
Fontaine,SOCIETE GENERALE,552120222,64.19Z,53,,,29 BOULEVARD HAUSSMANN 75009 PARIS,75009,Autres intermédiations monétaires,10 000 salariés et plus
Fontaine,SNCF RESEAU,412280737,52.21Z,53,,,15 AU 17 15 RUE JEAN-PHILIPPE RAMEAU 93200 SAINT-DENIS,93200,Services auxiliaires des transports terrestres,10 000 salariés et plus
Fontaine,CROIX ROUGE FRANCAISE,775672272,88.99B,53,,,SITE CROIX ROUGE 98 RUE DIDOT 75014 PARIS,75014,Action sociale sans hébergement n.c.a.,10 000 salariés et plus
Fontaine,BNP PARIBAS,662042449,64.19Z,53,,,16 BOULEVARD DES ITALIENS 75009 PARIS,75009,Autres intermédiations monétaires,10 000 salariés et plus
Fontaine,LE SOUVENIR FRANCAIS,775676182,94.99Z,11,,,20 RUE EUGENE FLACHAT 75017 PARIS,75017,Autres organisations fonctionnant par adhésion volontaire,10 à 19 salariés
Fontaine,ORANGE,380129866,61.10Z,53,,,111 QUAI DU PRESIDENT ROOSEVELT 92130 ISSY-LES-MOULINEAUX,92130,Télécommunications filaires,10 000 salariés et plus
Fontaine,COMPASS GROUP FRANCE,632041042,56.29A,53,,,15 BOULEVARD GABRIEL PERI 92240 MALAKOFF,92240,Restauration collective sous contrat,10 000 salariés et plus
Saint-Egrève,LA POSTE,356000000,53.10Z,53,,,DIRECTION GENERALE DE LA POSTE 9 RUE DU COLONEL PIERRE AVIA 75015 PARIS,75015,Activités de poste dans le cadre d'une obligation de service universel,10 000 salariés et plus
Saint-Egrève,ELECTRICITE DE FRANCE,552081317,35.11Z,53,,,22-30 22 AVENUE DE WAGRAM 75008 PARIS,75008,Production d'électricité,10 000 salariés et plus
Saint-Egrève,ELIOR RESTAURATION FRANCE,662025196,56.29B,53,,,51 CHEMIN DES MECHES 94000 CRETEIL,94000,Autres services de restauration n.c.a.,10 000 salariés et plus
Saint-Egrève,SOCIETE GENERALE,552120222,64.19Z,53,,,29 BOULEVARD HAUSSMANN 75009 PARIS,75009,Autres intermédiations monétaires,10 000 salariés et plus
Saint-Egrève,SNCF RESEAU,412280737,52.21Z,53,,,15 AU 17 15 RUE JEAN-PHILIPPE RAMEAU 93200 SAINT-DENIS,93200,Services auxiliaires des transports terrestres,10 000 salariés et plus
Saint-Egrève,BNP PARIBAS,662042449,64.19Z,53,,,16 BOULEVARD DES ITALIENS 75009 PARIS,75009,Autres intermédiations monétaires,10 000 salariés et plus
Saint-Egrève,LE SOUVENIR FRANCAIS,775676182,94.99Z,11,,,20 RUE EUGENE FLACHAT 75017 PARIS,75017,Autres organisations fonctionnant par adhésion volontaire,10 à 19 salariés
Saint-Egrève,ORANGE,380129866,61.10Z,53,,,111 QUAI DU PRESIDENT ROOSEVELT 92130 ISSY-LES-MOULINEAUX,92130,Télécommunications filaires,10 000 salariés et plus
Saint-Egrève,COMPASS GROUP FRANCE,632041042,56.29A,53,,,15 BOULEVARD GABRIEL PERI 92240 MALAKOFF,92240,Restauration collective sous contrat,10 000 salariés et plus
Saint-Egrève,LIDL,343262622,47.11D,53,,,1 RUE DE HANOVRE 92290 CHATENAY-MALABRY,92290,Supermarchés,10 000 salariés et plus
Rives,LA POSTE,356000000,53.10Z,53,,,DIRECTION GENERALE DE LA POSTE 9 RUE DU COLONEL PIERRE AVIA 75015 PARIS,75015,Activités de poste dans le cadre d'une obligation de service universel,10 000 salariés et plus
Rives,ELIOR RESTAURATION FRANCE,662025196,56.29B,53,,,51 CHEMIN DES MECHES 94000 CRETEIL,94000,Autres services de restauration n.c.a.,10 000 salariés et plus
Rives,SNCF RESEAU,412280737,52.21Z,53,,,15 AU 17 15 RUE JEAN-PHILIPPE RAMEAU 93200 SAINT-DENIS,93200,Services auxiliaires des transports terrestres,10 000 salariés et plus
Rives,BNP PARIBAS,662042449,64.19Z,53,,,16 BOULEVARD DES ITALIENS 75009 PARIS,75009,Autres intermédiations monétaires,10 000 salariés et plus
Rives,ORANGE,380129866,61.10Z,53,,,111 QUAI DU PRESIDENT ROOSEVELT 92130 ISSY-LES-MOULINEAUX,92130,Télécommunications filaires,10 000 salariés et plus
Rives,OGF SERVICES FUNERAIRES,828160069,96.03Z,02,,,IMMEUBLE CANOPY 6 RUE DU GENERAL AUDRAN 92400 COURBEVOIE,92400,Services funéraires,3 à 5 salariés
Rives,SNCF VOYAGEURS,519037584,49.10Z,53,,,1 RUE CAMILLE MOKE 93210 SAINT-DENIS,93210,Transport ferroviaire interurbain de voyageurs,10 000 salariés et plus
Rives,MCDONALD'S FRANCE,722003936,68.20B,NN,,,Z I 1 RUE GUSTAVE EIFFEL 78280 GUYANCOURT,78280,Location de terrains et d'autres biens immobiliers,Unités non employeuses
Rives,ENGIE,542107651,35.23Z,51,,,67 RUE JULES FERRY 92250 LA GARENNE-COLOMBES,92250,Commerce de combustibles gazeux par conduites,2 000 à 4 999 salariés
Rives,AMPLIFON FRANCE,318083110,47.74Z,42,,,9 BOULEVARD ROMAIN ROLLAND 75014 PARIS,75014,Commerce de détail d'articles médicaux et orthopédiques en magasin spécialisé,1 000 à 1 999 salariés
Roussillon,LA POSTE,356000000,53.10Z,53,,,DIRECTION GENERALE DE LA POSTE 9 RUE DU COLONEL PIERRE AVIA 75015 PARIS,75015,Activités de poste dans le cadre d'une obligation de service universel,10 000 salariés et plus
Roussillon,ELECTRICITE DE FRANCE,552081317,35.11Z,53,,,22-30 22 AVENUE DE WAGRAM 75008 PARIS,75008,Production d'électricité,10 000 salariés et plus
Roussillon,SOCIETE GENERALE,552120222,64.19Z,53,,,29 BOULEVARD HAUSSMANN 75009 PARIS,75009,Autres intermédiations monétaires,10 000 salariés et plus
Roussillon,BNP PARIBAS,662042449,64.19Z,53,,,16 BOULEVARD DES ITALIENS 75009 PARIS,75009,Autres intermédiations monétaires,10 000 salariés et plus
Roussillon,LE SOUVENIR FRANCAIS,775676182,94.99Z,11,,,20 RUE EUGENE FLACHAT 75017 PARIS,75017,Autres organisations fonctionnant par adhésion volontaire,10 à 19 salariés
Roussillon,ORANGE,380129866,61.10Z,53,,,111 QUAI DU PRESIDENT ROOSEVELT 92130 ISSY-LES-MOULINEAUX,92130,Télécommunications filaires,10 000 salariés et plus
Roussillon,COMPASS GROUP FRANCE,632041042,56.29A,53,,,15 BOULEVARD GABRIEL PERI 92240 MALAKOFF,92240,Restauration collective sous contrat,10 000 salariés et plus
Roussillon,LIDL,343262622,47.11D,53,,,1 RUE DE HANOVRE 92290 CHATENAY-MALABRY,92290,Supermarchés,10 000 salariés et plus
Roussillon,SNCF VOYAGEURS,519037584,49.10Z,53,,,1 RUE CAMILLE MOKE 93210 SAINT-DENIS,93210,Transport ferroviaire interurbain de voyageurs,10 000 salariés et plus
Roussillon,CREDIT LYONNAIS,954509741,64.19Z,53,,,18 RUE DE LA REPUBLIQUE 69002 LYON,69002,Autres intermédiations monétaires,10 000 salariés et plus
Tullins,LA POSTE,356000000,53.10Z,53,,,DIRECTION GENERALE DE LA POSTE 9 RUE DU COLONEL PIERRE AVIA 75015 PARIS,75015,Activités de poste dans le cadre d'une obligation de service universel,10 000 salariés et plus
Tullins,ELECTRICITE DE FRANCE,552081317,35.11Z,53,,,22-30 22 AVENUE DE WAGRAM 75008 PARIS,75008,Production d'électricité,10 000 salariés et plus
Tullins,ELIOR RESTAURATION FRANCE,662025196,56.29B,53,,,51 CHEMIN DES MECHES 94000 CRETEIL,94000,Autres services de restauration n.c.a.,10 000 salariés et plus
Tullins,SOCIETE GENERALE,552120222,64.19Z,53,,,29 BOULEVARD HAUSSMANN 75009 PARIS,75009,Autres intermédiations monétaires,10 000 salariés et plus
Tullins,BNP PARIBAS,662042449,64.19Z,53,,,16 BOULEVARD DES ITALIENS 75009 PARIS,75009,Autres intermédiations monétaires,10 000 salariés et plus
Tullins,COMPASS GROUP FRANCE,632041042,56.29A,53,,,15 BOULEVARD GABRIEL PERI 92240 MALAKOFF,92240,Restauration collective sous contrat,10 000 salariés et plus
Tullins,LIDL,343262622,47.11D,53,,,1 RUE DE HANOVRE 92290 CHATENAY-MALABRY,92290,Supermarchés,10 000 salariés et plus
Tullins,OGF SERVICES FUNERAIRES,828160069,96.03Z,02,,,IMMEUBLE CANOPY 6 RUE DU GENERAL AUDRAN 92400 COURBEVOIE,92400,Services funéraires,3 à 5 salariés
Tullins,ENEDIS,444608442,35.13Z,53,,,4 PLACE DE LA PYRAMIDE 92800 PUTEAUX,92800,Distribution d'électricité,10 000 salariés et plus
Tullins,SODEXO SANTE MEDICO SOCIAL,338253081,56.29A,52,,,6 RUE DE LA REDOUTE 78280 GUYANCOURT,78280,Restauration collective sous contrat,5 000 à 9 999 salariés
La Tour-du-Pin,LA POSTE,356000000,53.10Z,53,,,DIRECTION GENERALE DE LA POSTE 9 RUE DU COLONEL PIERRE AVIA 75015 PARIS,75015,Activités de poste dans le cadre d'une obligation de service universel,10 000 salariés et plus
La Tour-du-Pin,ELECTRICITE DE FRANCE,552081317,35.11Z,53,,,22-30 22 AVENUE DE WAGRAM 75008 PARIS,75008,Production d'électricité,10 000 salariés et plus
La Tour-du-Pin,SOCIETE GENERALE,552120222,64.19Z,53,,,29 BOULEVARD HAUSSMANN 75009 PARIS,75009,Autres intermédiations monétaires,10 000 salariés et plus
La Tour-du-Pin,SNCF RESEAU,412280737,52.21Z,53,,,15 AU 17 15 RUE JEAN-PHILIPPE RAMEAU 93200 SAINT-DENIS,93200,Services auxiliaires des transports terrestres,10 000 salariés et plus
La Tour-du-Pin,CROIX ROUGE FRANCAISE,775672272,88.99B,53,,,SITE CROIX ROUGE 98 RUE DIDOT 75014 PARIS,75014,Action sociale sans hébergement n.c.a.,10 000 salariés et plus
La Tour-du-Pin,BNP PARIBAS,662042449,64.19Z,53,,,16 BOULEVARD DES ITALIENS 75009 PARIS,75009,Autres intermédiations monétaires,10 000 salariés et plus
La Tour-du-Pin,LE SOUVENIR FRANCAIS,775676182,94.99Z,11,,,20 RUE EUGENE FLACHAT 75017 PARIS,75017,Autres organisations fonctionnant par adhésion volontaire,10 à 19 salariés
La Tour-du-Pin,ORANGE,380129866,61.10Z,53,,,111 QUAI DU PRESIDENT ROOSEVELT 92130 ISSY-LES-MOULINEAUX,92130,Télécommunications filaires,10 000 salariés et plus
La Tour-du-Pin,LIDL,343262622,47.11D,53,,,1 RUE DE HANOVRE 92290 CHATENAY-MALABRY,92290,Supermarchés,10 000 salariés et plus
La Tour-du-Pin,SNCF VOYAGEURS,519037584,49.10Z,53,,,1 RUE CAMILLE MOKE 93210 SAINT-DENIS,93210,Transport ferroviaire interurbain de voyageurs,10 000 salariés et plus
Moirans,LA POSTE,356000000,53.10Z,53,,,DIRECTION GENERALE DE LA POSTE 9 RUE DU COLONEL PIERRE AVIA 75015 PARIS,75015,Activités de poste dans le cadre d'une obligation de service universel,10 000 salariés et plus
Moirans,ELECTRICITE DE FRANCE,552081317,35.11Z,53,,,22-30 22 AVENUE DE WAGRAM 75008 PARIS,75008,Production d'électricité,10 000 salariés et plus
Moirans,ELIOR RESTAURATION FRANCE,662025196,56.29B,53,,,51 CHEMIN DES MECHES 94000 CRETEIL,94000,Autres services de restauration n.c.a.,10 000 salariés et plus
Moirans,SOCIETE GENERALE,552120222,64.19Z,53,,,29 BOULEVARD HAUSSMANN 75009 PARIS,75009,Autres intermédiations monétaires,10 000 salariés et plus
Moirans,SNCF RESEAU,412280737,52.21Z,53,,,15 AU 17 15 RUE JEAN-PHILIPPE RAMEAU 93200 SAINT-DENIS,93200,Services auxiliaires des transports terrestres,10 000 salariés et plus
Moirans,LE SOUVENIR FRANCAIS,775676182,94.99Z,11,,,20 RUE EUGENE FLACHAT 75017 PARIS,75017,Autres organisations fonctionnant par adhésion volontaire,10 à 19 salariés
Moirans,COMPASS GROUP FRANCE,632041042,56.29A,53,,,15 BOULEVARD GABRIEL PERI 92240 MALAKOFF,92240,Restauration collective sous contrat,10 000 salariés et plus
Moirans,LIDL,343262622,47.11D,53,,,1 RUE DE HANOVRE 92290 CHATENAY-MALABRY,92290,Supermarchés,10 000 salariés et plus
Moirans,OGF SERVICES FUNERAIRES,828160069,96.03Z,02,,,IMMEUBLE CANOPY 6 RUE DU GENERAL AUDRAN 92400 COURBEVOIE,92400,Services funéraires,3 à 5 salariés
Moirans,CREDIT LYONNAIS,954509741,64.19Z,53,,,18 RUE DE LA REPUBLIQUE 69002 LYON,69002,Autres intermédiations monétaires,10 000 salariés et plus
Saint-Marcellin,LA POSTE,356000000,53.10Z,53,,,DIRECTION GENERALE DE LA POSTE 9 RUE DU COLONEL PIERRE AVIA 75015 PARIS,75015,Activités de poste dans le cadre d'une obligation de service universel,10 000 salariés et plus
Saint-Marcellin,ELECTRICITE DE FRANCE,552081317,35.11Z,53,,,22-30 22 AVENUE DE WAGRAM 75008 PARIS,75008,Production d'électricité,10 000 salariés et plus
Saint-Marcellin,SOCIETE GENERALE,552120222,64.19Z,53,,,29 BOULEVARD HAUSSMANN 75009 PARIS,75009,Autres intermédiations monétaires,10 000 salariés et plus
Saint-Marcellin,SNCF RESEAU,412280737,52.21Z,53,,,15 AU 17 15 RUE JEAN-PHILIPPE RAMEAU 93200 SAINT-DENIS,93200,Services auxiliaires des transports terrestres,10 000 salariés et plus
Saint-Marcellin,CROIX ROUGE FRANCAISE,775672272,88.99B,53,,,SITE CROIX ROUGE 98 RUE DIDOT 75014 PARIS,75014,Action sociale sans hébergement n.c.a.,10 000 salariés et plus
Saint-Marcellin,BNP PARIBAS,662042449,64.19Z,53,,,16 BOULEVARD DES ITALIENS 75009 PARIS,75009,Autres intermédiations monétaires,10 000 salariés et plus
Saint-Marcellin,LE SOUVENIR FRANCAIS,775676182,94.99Z,11,,,20 RUE EUGENE FLACHAT 75017 PARIS,75017,Autres organisations fonctionnant par adhésion volontaire,10 à 19 salariés
Saint-Marcellin,ORANGE,380129866,61.10Z,53,,,111 QUAI DU PRESIDENT ROOSEVELT 92130 ISSY-LES-MOULINEAUX,92130,Télécommunications filaires,10 000 salariés et plus
Saint-Marcellin,LIDL,343262622,47.11D,53,,,1 RUE DE HANOVRE 92290 CHATENAY-MALABRY,92290,Supermarchés,10 000 salariés et plus
Saint-Marcellin,OGF SERVICES FUNERAIRES,828160069,96.03Z,02,,,IMMEUBLE CANOPY 6 RUE DU GENERAL AUDRAN 92400 COURBEVOIE,92400,Services funéraires,3 à 5 salariés
Saint-Martin-d'Uriage,LA POSTE,356000000,53.10Z,53,,,DIRECTION GENERALE DE LA POSTE 9 RUE DU COLONEL PIERRE AVIA 75015 PARIS,75015,Activités de poste dans le cadre d'une obligation de service universel,10 000 salariés et plus
Saint-Martin-d'Uriage,BNP PARIBAS,662042449,64.19Z,53,,,16 BOULEVARD DES ITALIENS 75009 PARIS,75009,Autres intermédiations monétaires,10 000 salariés et plus
Saint-Martin-d'Uriage,CARREFOUR PROXIMITE FRANCE,345130488,77.40Z,41,,,ZI ROUTE DE PARIS 14120 MONDEVILLE,14120,"Location-bail de propriété intellectuelle et de produits similaires, à l'exception des œuvres soumises à copyright",500 à 999 salariés
Saint-Martin-d'Uriage,CREDIT LYONNAIS,954509741,64.19Z,53,,,18 RUE DE LA REPUBLIQUE 69002 LYON,69002,Autres intermédiations monétaires,10 000 salariés et plus
Saint-Martin-d'Uriage,DISTRIBUTION CASINO FRANCE,428268023,47.11F,53,,,1 COURS ANTOINE GUICHARD 42000 SAINT-ETIENNE,42000,Hypermarchés,10 000 salariés et plus
Saint-Martin-d'Uriage,FONCIA TRANSACTION FRANCE,503698664,68.31Z,42,,,18-19 - TOUR AURORE 18 PLACE DES REFLETS 92400 COURBEVOIE,92400,Agences immobilières,1 000 à 1 999 salariés
Saint-Martin-d'Uriage,CAISSE CENTRALE ACTIVITE SOCIALE,775694748,56.29A,42,,,BP 629 8 RUE DE ROSNY 93100 MONTREUIL,93100,Restauration collective sous contrat,1 000 à 1 999 salariés
Saint-Martin-d'Uriage,LYONNAISE DE BANQUE,954507976,64.19Z,51,,,8 RUE DE LA REPUBLIQUE 69001 LYON,69001,Autres intermédiations monétaires,2 000 à 4 999 salariés
Saint-Martin-d'Uriage,SOCIETE NATIONALE SNCF,552049447,49.10Z,53,,,2 PLACE AUX ETOILES 93210 SAINT-DENIS,93210,Transport ferroviaire interurbain de voyageurs,10 000 salariés et plus
Saint-Martin-d'Uriage,CAISSE D'EPARGNE ET DE PREVOYANCE DE RHONE ALPES,384006029,64.19Z,51,,,116 COURS LAFAYETTE 69003 LYON,69003,Autres intermédiations monétaires,2 000 à 4 999 salariés
Domène,LA POSTE,356000000,53.10Z,53,,,DIRECTION GENERALE DE LA POSTE 9 RUE DU COLONEL PIERRE AVIA 75015 PARIS,75015,Activités de poste dans le cadre d'une obligation de service universel,10 000 salariés et plus
Domène,ELECTRICITE DE FRANCE,552081317,35.11Z,53,,,22-30 22 AVENUE DE WAGRAM 75008 PARIS,75008,Production d'électricité,10 000 salariés et plus
Domène,ELIOR RESTAURATION FRANCE,662025196,56.29B,53,,,51 CHEMIN DES MECHES 94000 CRETEIL,94000,Autres services de restauration n.c.a.,10 000 salariés et plus
Domène,SOCIETE GENERALE,552120222,64.19Z,53,,,29 BOULEVARD HAUSSMANN 75009 PARIS,75009,Autres intermédiations monétaires,10 000 salariés et plus
Domène,SNCF RESEAU,412280737,52.21Z,53,,,15 AU 17 15 RUE JEAN-PHILIPPE RAMEAU 93200 SAINT-DENIS,93200,Services auxiliaires des transports terrestres,10 000 salariés et plus
Domène,BNP PARIBAS,662042449,64.19Z,53,,,16 BOULEVARD DES ITALIENS 75009 PARIS,75009,Autres intermédiations monétaires,10 000 salariés et plus
Domène,LE SOUVENIR FRANCAIS,775676182,94.99Z,11,,,20 RUE EUGENE FLACHAT 75017 PARIS,75017,Autres organisations fonctionnant par adhésion volontaire,10 à 19 salariés
Domène,ORANGE,380129866,61.10Z,53,,,111 QUAI DU PRESIDENT ROOSEVELT 92130 ISSY-LES-MOULINEAUX,92130,Télécommunications filaires,10 000 salariés et plus
Domène,COMPASS GROUP FRANCE,632041042,56.29A,53,,,15 BOULEVARD GABRIEL PERI 92240 MALAKOFF,92240,Restauration collective sous contrat,10 000 salariés et plus
Domène,SNCF VOYAGEURS,519037584,49.10Z,53,,,1 RUE CAMILLE MOKE 93210 SAINT-DENIS,93210,Transport ferroviaire interurbain de voyageurs,10 000 salariés et plus
Pontcharra,LA POSTE,356000000,53.10Z,53,,,DIRECTION GENERALE DE LA POSTE 9 RUE DU COLONEL PIERRE AVIA 75015 PARIS,75015,Activités de poste dans le cadre d'une obligation de service universel,10 000 salariés et plus
Pontcharra,ELECTRICITE DE FRANCE,552081317,35.11Z,53,,,22-30 22 AVENUE DE WAGRAM 75008 PARIS,75008,Production d'électricité,10 000 salariés et plus
Pontcharra,SOCIETE GENERALE,552120222,64.19Z,53,,,29 BOULEVARD HAUSSMANN 75009 PARIS,75009,Autres intermédiations monétaires,10 000 salariés et plus
Pontcharra,SNCF RESEAU,412280737,52.21Z,53,,,15 AU 17 15 RUE JEAN-PHILIPPE RAMEAU 93200 SAINT-DENIS,93200,Services auxiliaires des transports terrestres,10 000 salariés et plus
Pontcharra,CROIX ROUGE FRANCAISE,775672272,88.99B,53,,,SITE CROIX ROUGE 98 RUE DIDOT 75014 PARIS,75014,Action sociale sans hébergement n.c.a.,10 000 salariés et plus
Pontcharra,BNP PARIBAS,662042449,64.19Z,53,,,16 BOULEVARD DES ITALIENS 75009 PARIS,75009,Autres intermédiations monétaires,10 000 salariés et plus
Pontcharra,COMPASS GROUP FRANCE,632041042,56.29A,53,,,15 BOULEVARD GABRIEL PERI 92240 MALAKOFF,92240,Restauration collective sous contrat,10 000 salariés et plus
Pontcharra,LIDL,343262622,47.11D,53,,,1 RUE DE HANOVRE 92290 CHATENAY-MALABRY,92290,Supermarchés,10 000 salariés et plus
Pontcharra,SNCF VOYAGEURS,519037584,49.10Z,53,,,1 RUE CAMILLE MOKE 93210 SAINT-DENIS,93210,Transport ferroviaire interurbain de voyageurs,10 000 salariés et plus
Pontcharra,CARREFOUR PROXIMITE FRANCE,345130488,77.40Z,41,,,ZI ROUTE DE PARIS 14120 MONDEVILLE,14120,"Location-bail de propriété intellectuelle et de produits similaires, à l'exception des œuvres soumises à copyright",500 à 999 salariés
Bourg-d'Oisans,LA POSTE,356000000,53.10Z,53,,,DIRECTION GENERALE DE LA POSTE 9 RUE DU COLONEL PIERRE AVIA 75015 PARIS,75015,Activités de poste dans le cadre d'une obligation de service universel,10 000 salariés et plus
Bourg-d'Oisans,ELECTRICITE DE FRANCE,552081317,35.11Z,53,,,22-30 22 AVENUE DE WAGRAM 75008 PARIS,75008,Production d'électricité,10 000 salariés et plus
Bourg-d'Oisans,SOCIETE GENERALE,552120222,64.19Z,53,,,29 BOULEVARD HAUSSMANN 75009 PARIS,75009,Autres intermédiations monétaires,10 000 salariés et plus
Bourg-d'Oisans,BNP PARIBAS,662042449,64.19Z,53,,,16 BOULEVARD DES ITALIENS 75009 PARIS,75009,Autres intermédiations monétaires,10 000 salariés et plus
Bourg-d'Oisans,LE SOUVENIR FRANCAIS,775676182,94.99Z,11,,,20 RUE EUGENE FLACHAT 75017 PARIS,75017,Autres organisations fonctionnant par adhésion volontaire,10 à 19 salariés
Bourg-d'Oisans,ORANGE,380129866,61.10Z,53,,,111 QUAI DU PRESIDENT ROOSEVELT 92130 ISSY-LES-MOULINEAUX,92130,Télécommunications filaires,10 000 salariés et plus
Bourg-d'Oisans,CARREFOUR PROXIMITE FRANCE,345130488,77.40Z,41,,,ZI ROUTE DE PARIS 14120 MONDEVILLE,14120,"Location-bail de propriété intellectuelle et de produits similaires, à l'exception des œuvres soumises à copyright",500 à 999 salariés
Bourg-d'Oisans,ENEDIS,444608442,35.13Z,53,,,4 PLACE DE LA PYRAMIDE 92800 PUTEAUX,92800,Distribution d'électricité,10 000 salariés et plus
Bourg-d'Oisans,DISTRIBUTION CASINO FRANCE,428268023,47.11F,53,,,1 COURS ANTOINE GUICHARD 42000 SAINT-ETIENNE,42000,Hypermarchés,10 000 salariés et plus
Bourg-d'Oisans,FIDUCIAL CONSULTING,972200018,82.11Z,42,,,41 RUE DU CAPITAINE GUYNEMER 92400 COURBEVOIE,92400,Services administratifs combinés de bureau,1 000 à 1 999 salariés
Vif,LA POSTE,356000000,53.10Z,53,,,DIRECTION GENERALE DE LA POSTE 9 RUE DU COLONEL PIERRE AVIA 75015 PARIS,75015,Activités de poste dans le cadre d'une obligation de service universel,10 000 salariés et plus
Vif,ELECTRICITE DE FRANCE,552081317,35.11Z,53,,,22-30 22 AVENUE DE WAGRAM 75008 PARIS,75008,Production d'électricité,10 000 salariés et plus
Vif,SOCIETE GENERALE,552120222,64.19Z,53,,,29 BOULEVARD HAUSSMANN 75009 PARIS,75009,Autres intermédiations monétaires,10 000 salariés et plus
Vif,SNCF RESEAU,412280737,52.21Z,53,,,15 AU 17 15 RUE JEAN-PHILIPPE RAMEAU 93200 SAINT-DENIS,93200,Services auxiliaires des transports terrestres,10 000 salariés et plus
Vif,BNP PARIBAS,662042449,64.19Z,53,,,16 BOULEVARD DES ITALIENS 75009 PARIS,75009,Autres intermédiations monétaires,10 000 salariés et plus
Vif,LE SOUVENIR FRANCAIS,775676182,94.99Z,11,,,20 RUE EUGENE FLACHAT 75017 PARIS,75017,Autres organisations fonctionnant par adhésion volontaire,10 à 19 salariés
Vif,COMPASS GROUP FRANCE,632041042,56.29A,53,,,15 BOULEVARD GABRIEL PERI 92240 MALAKOFF,92240,Restauration collective sous contrat,10 000 salariés et plus
Vif,API RESTAURATION,477181010,56.29A,52,,,384 RUE DU GENERAL DE GAULLE 59370 MONS-EN-BARŒUL,59370,Restauration collective sous contrat,5 000 à 9 999 salariés
Vif,DISTRIBUTION CASINO FRANCE,428268023,47.11F,53,,,1 COURS ANTOINE GUICHARD 42000 SAINT-ETIENNE,42000,Hypermarchés,10 000 salariés et plus
Vif,EVANCIA,447818600,88.91A,51,,,60 AVENUE DE L’EUROPE 92270 BOIS-COLOMBES,92270,Accueil de jeunes enfants,2 000 à 4 999 salariés
Villard-Bonnot,LA POSTE,356000000,53.10Z,53,,,DIRECTION GENERALE DE LA POSTE 9 RUE DU COLONEL PIERRE AVIA 75015 PARIS,75015,Activités de poste dans le cadre d'une obligation de service universel,10 000 salariés et plus
Villard-Bonnot,ELIOR RESTAURATION FRANCE,662025196,56.29B,53,,,51 CHEMIN DES MECHES 94000 CRETEIL,94000,Autres services de restauration n.c.a.,10 000 salariés et plus
Villard-Bonnot,SOCIETE GENERALE,552120222,64.19Z,53,,,29 BOULEVARD HAUSSMANN 75009 PARIS,75009,Autres intermédiations monétaires,10 000 salariés et plus
Villard-Bonnot,CROIX ROUGE FRANCAISE,775672272,88.99B,53,,,SITE CROIX ROUGE 98 RUE DIDOT 75014 PARIS,75014,Action sociale sans hébergement n.c.a.,10 000 salariés et plus
Villard-Bonnot,BNP PARIBAS,662042449,64.19Z,53,,,16 BOULEVARD DES ITALIENS 75009 PARIS,75009,Autres intermédiations monétaires,10 000 salariés et plus
Villard-Bonnot,COMPASS GROUP FRANCE,632041042,56.29A,53,,,15 BOULEVARD GABRIEL PERI 92240 MALAKOFF,92240,Restauration collective sous contrat,10 000 salariés et plus
Villard-Bonnot,LIDL,343262622,47.11D,53,,,1 RUE DE HANOVRE 92290 CHATENAY-MALABRY,92290,Supermarchés,10 000 salariés et plus
Villard-Bonnot,SNCF VOYAGEURS,519037584,49.10Z,53,,,1 RUE CAMILLE MOKE 93210 SAINT-DENIS,93210,Transport ferroviaire interurbain de voyageurs,10 000 salariés et plus
Villard-Bonnot,CARREFOUR PROXIMITE FRANCE,345130488,77.40Z,41,,,ZI ROUTE DE PARIS 14120 MONDEVILLE,14120,"Location-bail de propriété intellectuelle et de produits similaires, à l'exception des œuvres soumises à copyright",500 à 999 salariés
Villard-Bonnot,CREDIT LYONNAIS,954509741,64.19Z,53,,,18 RUE DE LA REPUBLIQUE 69002 LYON,69002,Autres intermédiations monétaires,10 000 salariés et plus
Jarrie,LA POSTE,356000000,53.10Z,53,,,DIRECTION GENERALE DE LA POSTE 9 RUE DU COLONEL PIERRE AVIA 75015 PARIS,75015,Activités de poste dans le cadre d'une obligation de service universel,10 000 salariés et plus
Jarrie,ELECTRICITE DE FRANCE,552081317,35.11Z,53,,,22-30 22 AVENUE DE WAGRAM 75008 PARIS,75008,Production d'électricité,10 000 salariés et plus
Jarrie,ELIOR RESTAURATION FRANCE,662025196,56.29B,53,,,51 CHEMIN DES MECHES 94000 CRETEIL,94000,Autres services de restauration n.c.a.,10 000 salariés et plus
Jarrie,SOCIETE GENERALE,552120222,64.19Z,53,,,29 BOULEVARD HAUSSMANN 75009 PARIS,75009,Autres intermédiations monétaires,10 000 salariés et plus
Jarrie,SNCF RESEAU,412280737,52.21Z,53,,,15 AU 17 15 RUE JEAN-PHILIPPE RAMEAU 93200 SAINT-DENIS,93200,Services auxiliaires des transports terrestres,10 000 salariés et plus
Jarrie,CROIX ROUGE FRANCAISE,775672272,88.99B,53,,,SITE CROIX ROUGE 98 RUE DIDOT 75014 PARIS,75014,Action sociale sans hébergement n.c.a.,10 000 salariés et plus
Jarrie,BNP PARIBAS,662042449,64.19Z,53,,,16 BOULEVARD DES ITALIENS 75009 PARIS,75009,Autres intermédiations monétaires,10 000 salariés et plus
Jarrie,LE SOUVENIR FRANCAIS,775676182,94.99Z,11,,,20 RUE EUGENE FLACHAT 75017 PARIS,75017,Autres organisations fonctionnant par adhésion volontaire,10 à 19 salariés
Jarrie,ORANGE,380129866,61.10Z,53,,,111 QUAI DU PRESIDENT ROOSEVELT 92130 ISSY-LES-MOULINEAUX,92130,Télécommunications filaires,10 000 salariés et plus
Jarrie,COMPASS GROUP FRANCE,632041042,56.29A,53,,,15 BOULEVARD GABRIEL PERI 92240 MALAKOFF,92240,Restauration collective sous contrat,10 000 salariés et plus
Charvieu-Chavagneux,LA POSTE,356000000,53.10Z,53,,,DIRECTION GENERALE DE LA POSTE 9 RUE DU COLONEL PIERRE AVIA 75015 PARIS,75015,Activités de poste dans le cadre d'une obligation de service universel,10 000 salariés et plus
Charvieu-Chavagneux,ELECTRICITE DE FRANCE,552081317,35.11Z,53,,,22-30 22 AVENUE DE WAGRAM 75008 PARIS,75008,Production d'électricité,10 000 salariés et plus
Charvieu-Chavagneux,BNP PARIBAS,662042449,64.19Z,53,,,16 BOULEVARD DES ITALIENS 75009 PARIS,75009,Autres intermédiations monétaires,10 000 salariés et plus
Charvieu-Chavagneux,ORANGE,380129866,61.10Z,53,,,111 QUAI DU PRESIDENT ROOSEVELT 92130 ISSY-LES-MOULINEAUX,92130,Télécommunications filaires,10 000 salariés et plus
Charvieu-Chavagneux,LIDL,343262622,47.11D,53,,,1 RUE DE HANOVRE 92290 CHATENAY-MALABRY,92290,Supermarchés,10 000 salariés et plus
Charvieu-Chavagneux,CARREFOUR PROXIMITE FRANCE,345130488,77.40Z,41,,,ZI ROUTE DE PARIS 14120 MONDEVILLE,14120,"Location-bail de propriété intellectuelle et de produits similaires, à l'exception des œuvres soumises à copyright",500 à 999 salariés
Charvieu-Chavagneux,CREDIT LYONNAIS,954509741,64.19Z,53,,,18 RUE DE LA REPUBLIQUE 69002 LYON,69002,Autres intermédiations monétaires,10 000 salariés et plus
Charvieu-Chavagneux,MCDONALD'S FRANCE,722003936,68.20B,NN,,,Z I 1 RUE GUSTAVE EIFFEL 78280 GUYANCOURT,78280,Location de terrains et d'autres biens immobiliers,Unités non employeuses
Charvieu-Chavagneux,API RESTAURATION,477181010,56.29A,52,,,384 RUE DU GENERAL DE GAULLE 59370 MONS-EN-BARŒUL,59370,Restauration collective sous contrat,5 000 à 9 999 salariés
Charvieu-Chavagneux,SOGERES,572102176,56.29B,52,,,6 RUE DE LA REDOUTE 78280 GUYANCOURT,78280,Autres services de restauration n.c.a.,5 000 à 9 999 salariés
Saint-Quentin-Fallavier,LA POSTE,356000000,53.10Z,53,,,DIRECTION GENERALE DE LA POSTE 9 RUE DU COLONEL PIERRE AVIA 75015 PARIS,75015,Activités de poste dans le cadre d'une obligation de service universel,10 000 salariés et plus
Saint-Quentin-Fallavier,ELECTRICITE DE FRANCE,552081317,35.11Z,53,,,22-30 22 AVENUE DE WAGRAM 75008 PARIS,75008,Production d'électricité,10 000 salariés et plus
Saint-Quentin-Fallavier,ELIOR RESTAURATION FRANCE,662025196,56.29B,53,,,51 CHEMIN DES MECHES 94000 CRETEIL,94000,Autres services de restauration n.c.a.,10 000 salariés et plus
Saint-Quentin-Fallavier,SOCIETE GENERALE,552120222,64.19Z,53,,,29 BOULEVARD HAUSSMANN 75009 PARIS,75009,Autres intermédiations monétaires,10 000 salariés et plus
Saint-Quentin-Fallavier,SNCF RESEAU,412280737,52.21Z,53,,,15 AU 17 15 RUE JEAN-PHILIPPE RAMEAU 93200 SAINT-DENIS,93200,Services auxiliaires des transports terrestres,10 000 salariés et plus
Saint-Quentin-Fallavier,CROIX ROUGE FRANCAISE,775672272,88.99B,53,,,SITE CROIX ROUGE 98 RUE DIDOT 75014 PARIS,75014,Action sociale sans hébergement n.c.a.,10 000 salariés et plus
Saint-Quentin-Fallavier,BNP PARIBAS,662042449,64.19Z,53,,,16 BOULEVARD DES ITALIENS 75009 PARIS,75009,Autres intermédiations monétaires,10 000 salariés et plus
Saint-Quentin-Fallavier,ORANGE,380129866,61.10Z,53,,,111 QUAI DU PRESIDENT ROOSEVELT 92130 ISSY-LES-MOULINEAUX,92130,Télécommunications filaires,10 000 salariés et plus
Saint-Quentin-Fallavier,COMPASS GROUP FRANCE,632041042,56.29A,53,,,15 BOULEVARD GABRIEL PERI 92240 MALAKOFF,92240,Restauration collective sous contrat,10 000 salariés et plus
Saint-Quentin-Fallavier,LIDL,343262622,47.11D,53,,,1 RUE DE HANOVRE 92290 CHATENAY-MALABRY,92290,Supermarchés,10 000 salariés et plus
Montbonnot-Saint-Martin,LA POSTE,356000000,53.10Z,53,,,DIRECTION GENERALE DE LA POSTE 9 RUE DU COLONEL PIERRE AVIA 75015 PARIS,75015,Activités de poste dans le cadre d'une obligation de service universel,10 000 salariés et plus
Montbonnot-Saint-Martin,ELECTRICITE DE FRANCE,552081317,35.11Z,53,,,22-30 22 AVENUE DE WAGRAM 75008 PARIS,75008,Production d'électricité,10 000 salariés et plus
Montbonnot-Saint-Martin,ELIOR RESTAURATION FRANCE,662025196,56.29B,53,,,51 CHEMIN DES MECHES 94000 CRETEIL,94000,Autres services de restauration n.c.a.,10 000 salariés et plus
Montbonnot-Saint-Martin,SOCIETE GENERALE,552120222,64.19Z,53,,,29 BOULEVARD HAUSSMANN 75009 PARIS,75009,Autres intermédiations monétaires,10 000 salariés et plus
Montbonnot-Saint-Martin,SNCF RESEAU,412280737,52.21Z,53,,,15 AU 17 15 RUE JEAN-PHILIPPE RAMEAU 93200 SAINT-DENIS,93200,Services auxiliaires des transports terrestres,10 000 salariés et plus
Montbonnot-Saint-Martin,BNP PARIBAS,662042449,64.19Z,53,,,16 BOULEVARD DES ITALIENS 75009 PARIS,75009,Autres intermédiations monétaires,10 000 salariés et plus
Montbonnot-Saint-Martin,LE SOUVENIR FRANCAIS,775676182,94.99Z,11,,,20 RUE EUGENE FLACHAT 75017 PARIS,75017,Autres organisations fonctionnant par adhésion volontaire,10 à 19 salariés
Montbonnot-Saint-Martin,ORANGE,380129866,61.10Z,53,,,111 QUAI DU PRESIDENT ROOSEVELT 92130 ISSY-LES-MOULINEAUX,92130,Télécommunications filaires,10 000 salariés et plus
Montbonnot-Saint-Martin,COMPASS GROUP FRANCE,632041042,56.29A,53,,,15 BOULEVARD GABRIEL PERI 92240 MALAKOFF,92240,Restauration collective sous contrat,10 000 salariés et plus
Montbonnot-Saint-Martin,LIDL,343262622,47.11D,53,,,1 RUE DE HANOVRE 92290 CHATENAY-MALABRY,92290,Supermarchés,10 000 salariés et plus
Claix,LA POSTE,356000000,53.10Z,53,,,DIRECTION GENERALE DE LA POSTE 9 RUE DU COLONEL PIERRE AVIA 75015 PARIS,75015,Activités de poste dans le cadre d'une obligation de service universel,10 000 salariés et plus
Claix,ELECTRICITE DE FRANCE,552081317,35.11Z,53,,,22-30 22 AVENUE DE WAGRAM 75008 PARIS,75008,Production d'électricité,10 000 salariés et plus
Claix,ELIOR RESTAURATION FRANCE,662025196,56.29B,53,,,51 CHEMIN DES MECHES 94000 CRETEIL,94000,Autres services de restauration n.c.a.,10 000 salariés et plus
Claix,SOCIETE GENERALE,552120222,64.19Z,53,,,29 BOULEVARD HAUSSMANN 75009 PARIS,75009,Autres intermédiations monétaires,10 000 salariés et plus
Claix,SNCF RESEAU,412280737,52.21Z,53,,,15 AU 17 15 RUE JEAN-PHILIPPE RAMEAU 93200 SAINT-DENIS,93200,Services auxiliaires des transports terrestres,10 000 salariés et plus
Claix,CROIX ROUGE FRANCAISE,775672272,88.99B,53,,,SITE CROIX ROUGE 98 RUE DIDOT 75014 PARIS,75014,Action sociale sans hébergement n.c.a.,10 000 salariés et plus
Claix,BNP PARIBAS,662042449,64.19Z,53,,,16 BOULEVARD DES ITALIENS 75009 PARIS,75009,Autres intermédiations monétaires,10 000 salariés et plus
Claix,ORANGE,380129866,61.10Z,53,,,111 QUAI DU PRESIDENT ROOSEVELT 92130 ISSY-LES-MOULINEAUX,92130,Télécommunications filaires,10 000 salariés et plus
Claix,COMPASS GROUP FRANCE,632041042,56.29A,53,,,15 BOULEVARD GABRIEL PERI 92240 MALAKOFF,92240,Restauration collective sous contrat,10 000 salariés et plus
Claix,CARREFOUR PROXIMITE FRANCE,345130488,77.40Z,41,,,ZI ROUTE DE PARIS 14120 MONDEVILLE,14120,"Location-bail de propriété intellectuelle et de produits similaires, à l'exception des œuvres soumises à copyright",500 à 999 salariés
Seyssinet-Pariset,LA POSTE,356000000,53.10Z,53,,,DIRECTION GENERALE DE LA POSTE 9 RUE DU COLONEL PIERRE AVIA 75015 PARIS,75015,Activités de poste dans le cadre d'une obligation de service universel,10 000 salariés et plus
Seyssinet-Pariset,ELECTRICITE DE FRANCE,552081317,35.11Z,53,,,22-30 22 AVENUE DE WAGRAM 75008 PARIS,75008,Production d'électricité,10 000 salariés et plus
Seyssinet-Pariset,ELIOR RESTAURATION FRANCE,662025196,56.29B,53,,,51 CHEMIN DES MECHES 94000 CRETEIL,94000,Autres services de restauration n.c.a.,10 000 salariés et plus
Seyssinet-Pariset,SOCIETE GENERALE,552120222,64.19Z,53,,,29 BOULEVARD HAUSSMANN 75009 PARIS,75009,Autres intermédiations monétaires,10 000 salariés et plus
Seyssinet-Pariset,SNCF RESEAU,412280737,52.21Z,53,,,15 AU 17 15 RUE JEAN-PHILIPPE RAMEAU 93200 SAINT-DENIS,93200,Services auxiliaires des transports terrestres,10 000 salariés et plus
Seyssinet-Pariset,CROIX ROUGE FRANCAISE,775672272,88.99B,53,,,SITE CROIX ROUGE 98 RUE DIDOT 75014 PARIS,75014,Action sociale sans hébergement n.c.a.,10 000 salariés et plus
Seyssinet-Pariset,BNP PARIBAS,662042449,64.19Z,53,,,16 BOULEVARD DES ITALIENS 75009 PARIS,75009,Autres intermédiations monétaires,10 000 salariés et plus
Seyssinet-Pariset,LE SOUVENIR FRANCAIS,775676182,94.99Z,11,,,20 RUE EUGENE FLACHAT 75017 PARIS,75017,Autres organisations fonctionnant par adhésion volontaire,10 à 19 salariés
Seyssinet-Pariset,ORANGE,380129866,61.10Z,53,,,111 QUAI DU PRESIDENT ROOSEVELT 92130 ISSY-LES-MOULINEAUX,92130,Télécommunications filaires,10 000 salariés et plus
Seyssinet-Pariset,COMPASS GROUP FRANCE,632041042,56.29A,53,,,15 BOULEVARD GABRIEL PERI 92240 MALAKOFF,92240,Restauration collective sous contrat,10 000 salariés et plus
Poisat,LA POSTE,356000000,53.10Z,53,,,DIRECTION GENERALE DE LA POSTE 9 RUE DU COLONEL PIERRE AVIA 75015 PARIS,75015,Activités de poste dans le cadre d'une obligation de service universel,10 000 salariés et plus
Poisat,ELECTRICITE DE FRANCE,552081317,35.11Z,53,,,22-30 22 AVENUE DE WAGRAM 75008 PARIS,75008,Production d'électricité,10 000 salariés et plus
Poisat,ELIOR RESTAURATION FRANCE,662025196,56.29B,53,,,51 CHEMIN DES MECHES 94000 CRETEIL,94000,Autres services de restauration n.c.a.,10 000 salariés et plus
Poisat,SOCIETE GENERALE,552120222,64.19Z,53,,,29 BOULEVARD HAUSSMANN 75009 PARIS,75009,Autres intermédiations monétaires,10 000 salariés et plus
Poisat,SNCF RESEAU,412280737,52.21Z,53,,,15 AU 17 15 RUE JEAN-PHILIPPE RAMEAU 93200 SAINT-DENIS,93200,Services auxiliaires des transports terrestres,10 000 salariés et plus
Poisat,CROIX ROUGE FRANCAISE,775672272,88.99B,53,,,SITE CROIX ROUGE 98 RUE DIDOT 75014 PARIS,75014,Action sociale sans hébergement n.c.a.,10 000 salariés et plus
Poisat,BNP PARIBAS,662042449,64.19Z,53,,,16 BOULEVARD DES ITALIENS 75009 PARIS,75009,Autres intermédiations monétaires,10 000 salariés et plus
Poisat,LE SOUVENIR FRANCAIS,775676182,94.99Z,11,,,20 RUE EUGENE FLACHAT 75017 PARIS,75017,Autres organisations fonctionnant par adhésion volontaire,10 à 19 salariés
Poisat,ORANGE,380129866,61.10Z,53,,,111 QUAI DU PRESIDENT ROOSEVELT 92130 ISSY-LES-MOULINEAUX,92130,Télécommunications filaires,10 000 salariés et plus
Poisat,COMPASS GROUP FRANCE,632041042,56.29A,53,,,15 BOULEVARD GABRIEL PERI 92240 MALAKOFF,92240,Restauration collective sous contrat,10 000 salariés et plus
Gières,LA POSTE,356000000,53.10Z,53,,,DIRECTION GENERALE DE LA POSTE 9 RUE DU COLONEL PIERRE AVIA 75015 PARIS,75015,Activités de poste dans le cadre d'une obligation de service universel,10 000 salariés et plus
Gières,ELECTRICITE DE FRANCE,552081317,35.11Z,53,,,22-30 22 AVENUE DE WAGRAM 75008 PARIS,75008,Production d'électricité,10 000 salariés et plus
Gières,ELIOR RESTAURATION FRANCE,662025196,56.29B,53,,,51 CHEMIN DES MECHES 94000 CRETEIL,94000,Autres services de restauration n.c.a.,10 000 salariés et plus
Gières,SOCIETE GENERALE,552120222,64.19Z,53,,,29 BOULEVARD HAUSSMANN 75009 PARIS,75009,Autres intermédiations monétaires,10 000 salariés et plus
Gières,SNCF RESEAU,412280737,52.21Z,53,,,15 AU 17 15 RUE JEAN-PHILIPPE RAMEAU 93200 SAINT-DENIS,93200,Services auxiliaires des transports terrestres,10 000 salariés et plus
Gières,BNP PARIBAS,662042449,64.19Z,53,,,16 BOULEVARD DES ITALIENS 75009 PARIS,75009,Autres intermédiations monétaires,10 000 salariés et plus
Gières,LE SOUVENIR FRANCAIS,775676182,94.99Z,11,,,20 RUE EUGENE FLACHAT 75017 PARIS,75017,Autres organisations fonctionnant par adhésion volontaire,10 à 19 salariés
Gières,ORANGE,380129866,61.10Z,53,,,111 QUAI DU PRESIDENT ROOSEVELT 92130 ISSY-LES-MOULINEAUX,92130,Télécommunications filaires,10 000 salariés et plus
Gières,COMPASS GROUP FRANCE,632041042,56.29A,53,,,15 BOULEVARD GABRIEL PERI 92240 MALAKOFF,92240,Restauration collective sous contrat,10 000 salariés et plus
Gières,LIDL,343262622,47.11D,53,,,1 RUE DE HANOVRE 92290 CHATENAY-MALABRY,92290,Supermarchés,10 000 salariés et plus
Eybens,LA POSTE,356000000,53.10Z,53,,,DIRECTION GENERALE DE LA POSTE 9 RUE DU COLONEL PIERRE AVIA 75015 PARIS,75015,Activités de poste dans le cadre d'une obligation de service universel,10 000 salariés et plus
Eybens,ELECTRICITE DE FRANCE,552081317,35.11Z,53,,,22-30 22 AVENUE DE WAGRAM 75008 PARIS,75008,Production d'électricité,10 000 salariés et plus
Eybens,ELIOR RESTAURATION FRANCE,662025196,56.29B,53,,,51 CHEMIN DES MECHES 94000 CRETEIL,94000,Autres services de restauration n.c.a.,10 000 salariés et plus
Eybens,SOCIETE GENERALE,552120222,64.19Z,53,,,29 BOULEVARD HAUSSMANN 75009 PARIS,75009,Autres intermédiations monétaires,10 000 salariés et plus
Eybens,SNCF RESEAU,412280737,52.21Z,53,,,15 AU 17 15 RUE JEAN-PHILIPPE RAMEAU 93200 SAINT-DENIS,93200,Services auxiliaires des transports terrestres,10 000 salariés et plus
Eybens,CROIX ROUGE FRANCAISE,775672272,88.99B,53,,,SITE CROIX ROUGE 98 RUE DIDOT 75014 PARIS,75014,Action sociale sans hébergement n.c.a.,10 000 salariés et plus
Eybens,BNP PARIBAS,662042449,64.19Z,53,,,16 BOULEVARD DES ITALIENS 75009 PARIS,75009,Autres intermédiations monétaires,10 000 salariés et plus
Eybens,LE SOUVENIR FRANCAIS,775676182,94.99Z,11,,,20 RUE EUGENE FLACHAT 75017 PARIS,75017,Autres organisations fonctionnant par adhésion volontaire,10 à 19 salariés
Eybens,ORANGE,380129866,61.10Z,53,,,111 QUAI DU PRESIDENT ROOSEVELT 92130 ISSY-LES-MOULINEAUX,92130,Télécommunications filaires,10 000 salariés et plus
Eybens,COMPASS GROUP FRANCE,632041042,56.29A,53,,,15 BOULEVARD GABRIEL PERI 92240 MALAKOFF,92240,Restauration collective sous contrat,10 000 salariés et plus
Bresson,LA POSTE,356000000,53.10Z,53,,,DIRECTION GENERALE DE LA POSTE 9 RUE DU COLONEL PIERRE AVIA 75015 PARIS,75015,Activités de poste dans le cadre d'une obligation de service universel,10 000 salariés et plus
Bresson,ELECTRICITE DE FRANCE,552081317,35.11Z,53,,,22-30 22 AVENUE DE WAGRAM 75008 PARIS,75008,Production d'électricité,10 000 salariés et plus
Bresson,ELIOR RESTAURATION FRANCE,662025196,56.29B,53,,,51 CHEMIN DES MECHES 94000 CRETEIL,94000,Autres services de restauration n.c.a.,10 000 salariés et plus
Bresson,SOCIETE GENERALE,552120222,64.19Z,53,,,29 BOULEVARD HAUSSMANN 75009 PARIS,75009,Autres intermédiations monétaires,10 000 salariés et plus
Bresson,SNCF RESEAU,412280737,52.21Z,53,,,15 AU 17 15 RUE JEAN-PHILIPPE RAMEAU 93200 SAINT-DENIS,93200,Services auxiliaires des transports terrestres,10 000 salariés et plus
Bresson,CROIX ROUGE FRANCAISE,775672272,88.99B,53,,,SITE CROIX ROUGE 98 RUE DIDOT 75014 PARIS,75014,Action sociale sans hébergement n.c.a.,10 000 salariés et plus
Bresson,BNP PARIBAS,662042449,64.19Z,53,,,16 BOULEVARD DES ITALIENS 75009 PARIS,75009,Autres intermédiations monétaires,10 000 salariés et plus
Bresson,LE SOUVENIR FRANCAIS,775676182,94.99Z,11,,,20 RUE EUGENE FLACHAT 75017 PARIS,75017,Autres organisations fonctionnant par adhésion volontaire,10 à 19 salariés
Bresson,ORANGE,380129866,61.10Z,53,,,111 QUAI DU PRESIDENT ROOSEVELT 92130 ISSY-LES-MOULINEAUX,92130,Télécommunications filaires,10 000 salariés et plus
Bresson,COMPASS GROUP FRANCE,632041042,56.29A,53,,,15 BOULEVARD GABRIEL PERI 92240 MALAKOFF,92240,Restauration collective sous contrat,10 000 salariés et plus
Varces-Allières-et-Risset,LA POSTE,356000000,53.10Z,53,,,DIRECTION GENERALE DE LA POSTE 9 RUE DU COLONEL PIERRE AVIA 75015 PARIS,75015,Activités de poste dans le cadre d'une obligation de service universel,10 000 salariés et plus
Varces-Allières-et-Risset,ELECTRICITE DE FRANCE,552081317,35.11Z,53,,,22-30 22 AVENUE DE WAGRAM 75008 PARIS,75008,Production d'électricité,10 000 salariés et plus
Varces-Allières-et-Risset,ELIOR RESTAURATION FRANCE,662025196,56.29B,53,,,51 CHEMIN DES MECHES 94000 CRETEIL,94000,Autres services de restauration n.c.a.,10 000 salariés et plus
Varces-Allières-et-Risset,SOCIETE GENERALE,552120222,64.19Z,53,,,29 BOULEVARD HAUSSMANN 75009 PARIS,75009,Autres intermédiations monétaires,10 000 salariés et plus
Varces-Allières-et-Risset,SNCF RESEAU,412280737,52.21Z,53,,,15 AU 17 15 RUE JEAN-PHILIPPE RAMEAU 93200 SAINT-DENIS,93200,Services auxiliaires des transports terrestres,10 000 salariés et plus
Varces-Allières-et-Risset,BNP PARIBAS,662042449,64.19Z,53,,,16 BOULEVARD DES ITALIENS 75009 PARIS,75009,Autres intermédiations monétaires,10 000 salariés et plus
Varces-Allières-et-Risset,LE SOUVENIR FRANCAIS,775676182,94.99Z,11,,,20 RUE EUGENE FLACHAT 75017 PARIS,75017,Autres organisations fonctionnant par adhésion volontaire,10 à 19 salariés
Varces-Allières-et-Risset,COMPASS GROUP FRANCE,632041042,56.29A,53,,,15 BOULEVARD GABRIEL PERI 92240 MALAKOFF,92240,Restauration collective sous contrat,10 000 salariés et plus
Varces-Allières-et-Risset,CARREFOUR PROXIMITE FRANCE,345130488,77.40Z,41,,,ZI ROUTE DE PARIS 14120 MONDEVILLE,14120,"Location-bail de propriété intellectuelle et de produits similaires, à l'exception des œuvres soumises à copyright",500 à 999 salariés
Varces-Allières-et-Risset,CREDIT LYONNAIS,954509741,64.19Z,53,,,18 RUE DE LA REPUBLIQUE 69002 LYON,69002,Autres intermédiations monétaires,10 000 salariés et plus
Champagnier,LA POSTE,356000000,53.10Z,53,,,DIRECTION GENERALE DE LA POSTE 9 RUE DU COLONEL PIERRE AVIA 75015 PARIS,75015,Activités de poste dans le cadre d'une obligation de service universel,10 000 salariés et plus
Champagnier,ELECTRICITE DE FRANCE,552081317,35.11Z,53,,,22-30 22 AVENUE DE WAGRAM 75008 PARIS,75008,Production d'électricité,10 000 salariés et plus
Champagnier,ELIOR RESTAURATION FRANCE,662025196,56.29B,53,,,51 CHEMIN DES MECHES 94000 CRETEIL,94000,Autres services de restauration n.c.a.,10 000 salariés et plus
Champagnier,SOCIETE GENERALE,552120222,64.19Z,53,,,29 BOULEVARD HAUSSMANN 75009 PARIS,75009,Autres intermédiations monétaires,10 000 salariés et plus
Champagnier,SNCF RESEAU,412280737,52.21Z,53,,,15 AU 17 15 RUE JEAN-PHILIPPE RAMEAU 93200 SAINT-DENIS,93200,Services auxiliaires des transports terrestres,10 000 salariés et plus
Champagnier,CROIX ROUGE FRANCAISE,775672272,88.99B,53,,,SITE CROIX ROUGE 98 RUE DIDOT 75014 PARIS,75014,Action sociale sans hébergement n.c.a.,10 000 salariés et plus
Champagnier,BNP PARIBAS,662042449,64.19Z,53,,,16 BOULEVARD DES ITALIENS 75009 PARIS,75009,Autres intermédiations monétaires,10 000 salariés et plus
Champagnier,LE SOUVENIR FRANCAIS,775676182,94.99Z,11,,,20 RUE EUGENE FLACHAT 75017 PARIS,75017,Autres organisations fonctionnant par adhésion volontaire,10 à 19 salariés
Champagnier,ORANGE,380129866,61.10Z,53,,,111 QUAI DU PRESIDENT ROOSEVELT 92130 ISSY-LES-MOULINEAUX,92130,Télécommunications filaires,10 000 salariés et plus
Champagnier,COMPASS GROUP FRANCE,632041042,56.29A,53,,,15 BOULEVARD GABRIEL PERI 92240 MALAKOFF,92240,Restauration collective sous contrat,10 000 salariés et plus
Murianette,LA POSTE,356000000,53.10Z,53,,,DIRECTION GENERALE DE LA POSTE 9 RUE DU COLONEL PIERRE AVIA 75015 PARIS,75015,Activités de poste dans le cadre d'une obligation de service universel,10 000 salariés et plus
Murianette,ELECTRICITE DE FRANCE,552081317,35.11Z,53,,,22-30 22 AVENUE DE WAGRAM 75008 PARIS,75008,Production d'électricité,10 000 salariés et plus
Murianette,ELIOR RESTAURATION FRANCE,662025196,56.29B,53,,,51 CHEMIN DES MECHES 94000 CRETEIL,94000,Autres services de restauration n.c.a.,10 000 salariés et plus
Murianette,SOCIETE GENERALE,552120222,64.19Z,53,,,29 BOULEVARD HAUSSMANN 75009 PARIS,75009,Autres intermédiations monétaires,10 000 salariés et plus
Murianette,SNCF RESEAU,412280737,52.21Z,53,,,15 AU 17 15 RUE JEAN-PHILIPPE RAMEAU 93200 SAINT-DENIS,93200,Services auxiliaires des transports terrestres,10 000 salariés et plus
Murianette,BNP PARIBAS,662042449,64.19Z,53,,,16 BOULEVARD DES ITALIENS 75009 PARIS,75009,Autres intermédiations monétaires,10 000 salariés et plus
Murianette,LE SOUVENIR FRANCAIS,775676182,94.99Z,11,,,20 RUE EUGENE FLACHAT 75017 PARIS,75017,Autres organisations fonctionnant par adhésion volontaire,10 à 19 salariés
Murianette,ORANGE,380129866,61.10Z,53,,,111 QUAI DU PRESIDENT ROOSEVELT 92130 ISSY-LES-MOULINEAUX,92130,Télécommunications filaires,10 000 salariés et plus
Murianette,COMPASS GROUP FRANCE,632041042,56.29A,53,,,15 BOULEVARD GABRIEL PERI 92240 MALAKOFF,92240,Restauration collective sous contrat,10 000 salariés et plus
Murianette,LIDL,343262622,47.11D,53,,,1 RUE DE HANOVRE 92290 CHATENAY-MALABRY,92290,Supermarchés,10 000 salariés et plus
Seyssins,LA POSTE,356000000,53.10Z,53,,,DIRECTION GENERALE DE LA POSTE 9 RUE DU COLONEL PIERRE AVIA 75015 PARIS,75015,Activités de poste dans le cadre d'une obligation de service universel,10 000 salariés et plus
Seyssins,ELECTRICITE DE FRANCE,552081317,35.11Z,53,,,22-30 22 AVENUE DE WAGRAM 75008 PARIS,75008,Production d'électricité,10 000 salariés et plus
Seyssins,ELIOR RESTAURATION FRANCE,662025196,56.29B,53,,,51 CHEMIN DES MECHES 94000 CRETEIL,94000,Autres services de restauration n.c.a.,10 000 salariés et plus
Seyssins,SOCIETE GENERALE,552120222,64.19Z,53,,,29 BOULEVARD HAUSSMANN 75009 PARIS,75009,Autres intermédiations monétaires,10 000 salariés et plus
Seyssins,SNCF RESEAU,412280737,52.21Z,53,,,15 AU 17 15 RUE JEAN-PHILIPPE RAMEAU 93200 SAINT-DENIS,93200,Services auxiliaires des transports terrestres,10 000 salariés et plus
Seyssins,CROIX ROUGE FRANCAISE,775672272,88.99B,53,,,SITE CROIX ROUGE 98 RUE DIDOT 75014 PARIS,75014,Action sociale sans hébergement n.c.a.,10 000 salariés et plus
Seyssins,BNP PARIBAS,662042449,64.19Z,53,,,16 BOULEVARD DES ITALIENS 75009 PARIS,75009,Autres intermédiations monétaires,10 000 salariés et plus
Seyssins,LE SOUVENIR FRANCAIS,775676182,94.99Z,11,,,20 RUE EUGENE FLACHAT 75017 PARIS,75017,Autres organisations fonctionnant par adhésion volontaire,10 à 19 salariés
Seyssins,ORANGE,380129866,61.10Z,53,,,111 QUAI DU PRESIDENT ROOSEVELT 92130 ISSY-LES-MOULINEAUX,92130,Télécommunications filaires,10 000 salariés et plus
Seyssins,COMPASS GROUP FRANCE,632041042,56.29A,53,,,15 BOULEVARD GABRIEL PERI 92240 MALAKOFF,92240,Restauration collective sous contrat,10 000 salariés et plus
Saint-Paul-de-Varces,LA POSTE,356000000,53.10Z,53,,,DIRECTION GENERALE DE LA POSTE 9 RUE DU COLONEL PIERRE AVIA 75015 PARIS,75015,Activités de poste dans le cadre d'une obligation de service universel,10 000 salariés et plus
Saint-Paul-de-Varces,ELECTRICITE DE FRANCE,552081317,35.11Z,53,,,22-30 22 AVENUE DE WAGRAM 75008 PARIS,75008,Production d'électricité,10 000 salariés et plus
Saint-Paul-de-Varces,SOCIETE GENERALE,552120222,64.19Z,53,,,29 BOULEVARD HAUSSMANN 75009 PARIS,75009,Autres intermédiations monétaires,10 000 salariés et plus
Saint-Paul-de-Varces,SNCF RESEAU,412280737,52.21Z,53,,,15 AU 17 15 RUE JEAN-PHILIPPE RAMEAU 93200 SAINT-DENIS,93200,Services auxiliaires des transports terrestres,10 000 salariés et plus
Saint-Paul-de-Varces,BNP PARIBAS,662042449,64.19Z,53,,,16 BOULEVARD DES ITALIENS 75009 PARIS,75009,Autres intermédiations monétaires,10 000 salariés et plus
Saint-Paul-de-Varces,LE SOUVENIR FRANCAIS,775676182,94.99Z,11,,,20 RUE EUGENE FLACHAT 75017 PARIS,75017,Autres organisations fonctionnant par adhésion volontaire,10 à 19 salariés
Saint-Paul-de-Varces,COMPASS GROUP FRANCE,632041042,56.29A,53,,,15 BOULEVARD GABRIEL PERI 92240 MALAKOFF,92240,Restauration collective sous contrat,10 000 salariés et plus
Saint-Paul-de-Varces,DISTRIBUTION CASINO FRANCE,428268023,47.11F,53,,,1 COURS ANTOINE GUICHARD 42000 SAINT-ETIENNE,42000,Hypermarchés,10 000 salariés et plus
Saint-Paul-de-Varces,CAP SUD FRANCE,531757029,43.22B,NN,,,85 RUE CONDORCET 38090 VAULX-MILIEU,38090,Travaux d'installation d'équipements thermiques et de climatisation,Unités non employeuses
Saint-Paul-de-Varces,EVANCIA,447818600,88.91A,51,,,60 AVENUE DE L’EUROPE 92270 BOIS-COLOMBES,92270,Accueil de jeunes enfants,2 000 à 4 999 salariés
Veurey-Voroize,LA POSTE,356000000,53.10Z,53,,,DIRECTION GENERALE DE LA POSTE 9 RUE DU COLONEL PIERRE AVIA 75015 PARIS,75015,Activités de poste dans le cadre d'une obligation de service universel,10 000 salariés et plus
Veurey-Voroize,ELIOR RESTAURATION FRANCE,662025196,56.29B,53,,,51 CHEMIN DES MECHES 94000 CRETEIL,94000,Autres services de restauration n.c.a.,10 000 salariés et plus
Veurey-Voroize,SOCIETE GENERALE,552120222,64.19Z,53,,,29 BOULEVARD HAUSSMANN 75009 PARIS,75009,Autres intermédiations monétaires,10 000 salariés et plus
Veurey-Voroize,SNCF RESEAU,412280737,52.21Z,53,,,15 AU 17 15 RUE JEAN-PHILIPPE RAMEAU 93200 SAINT-DENIS,93200,Services auxiliaires des transports terrestres,10 000 salariés et plus
Veurey-Voroize,BNP PARIBAS,662042449,64.19Z,53,,,16 BOULEVARD DES ITALIENS 75009 PARIS,75009,Autres intermédiations monétaires,10 000 salariés et plus
Veurey-Voroize,LE SOUVENIR FRANCAIS,775676182,94.99Z,11,,,20 RUE EUGENE FLACHAT 75017 PARIS,75017,Autres organisations fonctionnant par adhésion volontaire,10 à 19 salariés
Veurey-Voroize,COMPASS GROUP FRANCE,632041042,56.29A,53,,,15 BOULEVARD GABRIEL PERI 92240 MALAKOFF,92240,Restauration collective sous contrat,10 000 salariés et plus
Veurey-Voroize,MCDONALD'S FRANCE,722003936,68.20B,NN,,,Z I 1 RUE GUSTAVE EIFFEL 78280 GUYANCOURT,78280,Location de terrains et d'autres biens immobiliers,Unités non employeuses
Veurey-Voroize,API RESTAURATION,477181010,56.29A,52,,,384 RUE DU GENERAL DE GAULLE 59370 MONS-EN-BARŒUL,59370,Restauration collective sous contrat,5 000 à 9 999 salariés
Veurey-Voroize,SOGERES,572102176,56.29B,52,,,6 RUE DE LA REDOUTE 78280 GUYANCOURT,78280,Autres services de restauration n.c.a.,5 000 à 9 999 salariés
Noyarey,LA POSTE,356000000,53.10Z,53,,,DIRECTION GENERALE DE LA POSTE 9 RUE DU COLONEL PIERRE AVIA 75015 PARIS,75015,Activités de poste dans le cadre d'une obligation de service universel,10 000 salariés et plus
Noyarey,ELECTRICITE DE FRANCE,552081317,35.11Z,53,,,22-30 22 AVENUE DE WAGRAM 75008 PARIS,75008,Production d'électricité,10 000 salariés et plus
Noyarey,ELIOR RESTAURATION FRANCE,662025196,56.29B,53,,,51 CHEMIN DES MECHES 94000 CRETEIL,94000,Autres services de restauration n.c.a.,10 000 salariés et plus
Noyarey,BNP PARIBAS,662042449,64.19Z,53,,,16 BOULEVARD DES ITALIENS 75009 PARIS,75009,Autres intermédiations monétaires,10 000 salariés et plus
Noyarey,ORANGE,380129866,61.10Z,53,,,111 QUAI DU PRESIDENT ROOSEVELT 92130 ISSY-LES-MOULINEAUX,92130,Télécommunications filaires,10 000 salariés et plus
Noyarey,COMPASS GROUP FRANCE,632041042,56.29A,53,,,15 BOULEVARD GABRIEL PERI 92240 MALAKOFF,92240,Restauration collective sous contrat,10 000 salariés et plus
Noyarey,CREDIT LYONNAIS,954509741,64.19Z,53,,,18 RUE DE LA REPUBLIQUE 69002 LYON,69002,Autres intermédiations monétaires,10 000 salariés et plus
Noyarey,PICARD SURGELES,784939688,47.11A,52,,,1 ROUTE MILITAIRE 77300 FONTAINEBLEAU,77300,Commerce de détail de produits surgelés,5 000 à 9 999 salariés
Noyarey,SODEXO ENTREPRISES,338253230,56.29A,52,,,6 RUE DE LA REDOUTE 78280 GUYANCOURT,78280,Restauration collective sous contrat,5 000 à 9 999 salariés
Noyarey,SODEXO SANTE MEDICO SOCIAL,338253081,56.29A,52,,,6 RUE DE LA REDOUTE 78280 GUYANCOURT,78280,Restauration collective sous contrat,5 000 à 9 999 salariés
Quaix-en-Chartreuse,LA POSTE,356000000,53.10Z,53,,,DIRECTION GENERALE DE LA POSTE 9 RUE DU COLONEL PIERRE AVIA 75015 PARIS,75015,Activités de poste dans le cadre d'une obligation de service universel,10 000 salariés et plus
Quaix-en-Chartreuse,ELIOR RESTAURATION FRANCE,662025196,56.29B,53,,,51 CHEMIN DES MECHES 94000 CRETEIL,94000,Autres services de restauration n.c.a.,10 000 salariés et plus
Quaix-en-Chartreuse,SOCIETE GENERALE,552120222,64.19Z,53,,,29 BOULEVARD HAUSSMANN 75009 PARIS,75009,Autres intermédiations monétaires,10 000 salariés et plus
Quaix-en-Chartreuse,BNP PARIBAS,662042449,64.19Z,53,,,16 BOULEVARD DES ITALIENS 75009 PARIS,75009,Autres intermédiations monétaires,10 000 salariés et plus
Quaix-en-Chartreuse,CREDIT LYONNAIS,954509741,64.19Z,53,,,18 RUE DE LA REPUBLIQUE 69002 LYON,69002,Autres intermédiations monétaires,10 000 salariés et plus
Quaix-en-Chartreuse,SODEXO SANTE MEDICO SOCIAL,338253081,56.29A,52,,,6 RUE DE LA REDOUTE 78280 GUYANCOURT,78280,Restauration collective sous contrat,5 000 à 9 999 salariés
Quaix-en-Chartreuse,DISTRIBUTION CASINO FRANCE,428268023,47.11F,53,,,1 COURS ANTOINE GUICHARD 42000 SAINT-ETIENNE,42000,Hypermarchés,10 000 salariés et plus
Quaix-en-Chartreuse,MACIF,781452511,65.12Z,53,,,1 RUE JACQUES VANDIER 79000 NIORT,79000,Autres assurances,10 000 salariés et plus
Quaix-en-Chartreuse,LYONNAISE DE BANQUE,954507976,64.19Z,51,,,8 RUE DE LA REPUBLIQUE 69001 LYON,69001,Autres intermédiations monétaires,2 000 à 4 999 salariés
Quaix-en-Chartreuse,GROUPAMA RHONE ALPES AUVERGNE,779838366,65.12Z,51,,,50 RUE DE SAINT-CYR 69009 LYON,69009,Autres assurances,2 000 à 4 999 salariés
Saint-Ismier,LA POSTE,356000000,53.10Z,53,,,DIRECTION GENERALE DE LA POSTE 9 RUE DU COLONEL PIERRE AVIA 75015 PARIS,75015,Activités de poste dans le cadre d'une obligation de service universel,10 000 salariés et plus
Saint-Ismier,ELIOR RESTAURATION FRANCE,662025196,56.29B,53,,,51 CHEMIN DES MECHES 94000 CRETEIL,94000,Autres services de restauration n.c.a.,10 000 salariés et plus
Saint-Ismier,SOCIETE GENERALE,552120222,64.19Z,53,,,29 BOULEVARD HAUSSMANN 75009 PARIS,75009,Autres intermédiations monétaires,10 000 salariés et plus
Saint-Ismier,BNP PARIBAS,662042449,64.19Z,53,,,16 BOULEVARD DES ITALIENS 75009 PARIS,75009,Autres intermédiations monétaires,10 000 salariés et plus
Saint-Ismier,ORANGE,380129866,61.10Z,53,,,111 QUAI DU PRESIDENT ROOSEVELT 92130 ISSY-LES-MOULINEAUX,92130,Télécommunications filaires,10 000 salariés et plus
Saint-Ismier,COMPASS GROUP FRANCE,632041042,56.29A,53,,,15 BOULEVARD GABRIEL PERI 92240 MALAKOFF,92240,Restauration collective sous contrat,10 000 salariés et plus
Saint-Ismier,CARREFOUR PROXIMITE FRANCE,345130488,77.40Z,41,,,ZI ROUTE DE PARIS 14120 MONDEVILLE,14120,"Location-bail de propriété intellectuelle et de produits similaires, à l'exception des œuvres soumises à copyright",500 à 999 salariés
Saint-Ismier,CREDIT LYONNAIS,954509741,64.19Z,53,,,18 RUE DE LA REPUBLIQUE 69002 LYON,69002,Autres intermédiations monétaires,10 000 salariés et plus
Saint-Ismier,SOGERES,572102176,56.29B,52,,,6 RUE DE LA REDOUTE 78280 GUYANCOURT,78280,Autres services de restauration n.c.a.,5 000 à 9 999 salariés
Saint-Ismier,SODEXO SANTE MEDICO SOCIAL,338253081,56.29A,52,,,6 RUE DE LA REDOUTE 78280 GUYANCOURT,78280,Restauration collective sous contrat,5 000 à 9 999 salariés
Chasse-sur-Rhône,LA POSTE,356000000,53.10Z,53,,,DIRECTION GENERALE DE LA POSTE 9 RUE DU COLONEL PIERRE AVIA 75015 PARIS,75015,Activités de poste dans le cadre d'une obligation de service universel,10 000 salariés et plus
Chasse-sur-Rhône,ELECTRICITE DE FRANCE,552081317,35.11Z,53,,,22-30 22 AVENUE DE WAGRAM 75008 PARIS,75008,Production d'électricité,10 000 salariés et plus
Chasse-sur-Rhône,ELIOR RESTAURATION FRANCE,662025196,56.29B,53,,,51 CHEMIN DES MECHES 94000 CRETEIL,94000,Autres services de restauration n.c.a.,10 000 salariés et plus
Chasse-sur-Rhône,SOCIETE GENERALE,552120222,64.19Z,53,,,29 BOULEVARD HAUSSMANN 75009 PARIS,75009,Autres intermédiations monétaires,10 000 salariés et plus
Chasse-sur-Rhône,SNCF RESEAU,412280737,52.21Z,53,,,15 AU 17 15 RUE JEAN-PHILIPPE RAMEAU 93200 SAINT-DENIS,93200,Services auxiliaires des transports terrestres,10 000 salariés et plus
Chasse-sur-Rhône,BNP PARIBAS,662042449,64.19Z,53,,,16 BOULEVARD DES ITALIENS 75009 PARIS,75009,Autres intermédiations monétaires,10 000 salariés et plus
Chasse-sur-Rhône,ORANGE,380129866,61.10Z,53,,,111 QUAI DU PRESIDENT ROOSEVELT 92130 ISSY-LES-MOULINEAUX,92130,Télécommunications filaires,10 000 salariés et plus
Chasse-sur-Rhône,COMPASS GROUP FRANCE,632041042,56.29A,53,,,15 BOULEVARD GABRIEL PERI 92240 MALAKOFF,92240,Restauration collective sous contrat,10 000 salariés et plus
Chasse-sur-Rhône,LIDL,343262622,47.11D,53,,,1 RUE DE HANOVRE 92290 CHATENAY-MALABRY,92290,Supermarchés,10 000 salariés et plus
Chasse-sur-Rhône,OGF SERVICES FUNERAIRES,828160069,96.03Z,02,,,IMMEUBLE CANOPY 6 RUE DU GENERAL AUDRAN 92400 COURBEVOIE,92400,Services funéraires,3 à 5 salariés
La Tronche,LA POSTE,356000000,53.10Z,53,,,DIRECTION GENERALE DE LA POSTE 9 RUE DU COLONEL PIERRE AVIA 75015 PARIS,75015,Activités de poste dans le cadre d'une obligation de service universel,10 000 salariés et plus
La Tronche,ELECTRICITE DE FRANCE,552081317,35.11Z,53,,,22-30 22 AVENUE DE WAGRAM 75008 PARIS,75008,Production d'électricité,10 000 salariés et plus
La Tronche,ELIOR RESTAURATION FRANCE,662025196,56.29B,53,,,51 CHEMIN DES MECHES 94000 CRETEIL,94000,Autres services de restauration n.c.a.,10 000 salariés et plus
La Tronche,SOCIETE GENERALE,552120222,64.19Z,53,,,29 BOULEVARD HAUSSMANN 75009 PARIS,75009,Autres intermédiations monétaires,10 000 salariés et plus
La Tronche,SNCF RESEAU,412280737,52.21Z,53,,,15 AU 17 15 RUE JEAN-PHILIPPE RAMEAU 93200 SAINT-DENIS,93200,Services auxiliaires des transports terrestres,10 000 salariés et plus
La Tronche,CROIX ROUGE FRANCAISE,775672272,88.99B,53,,,SITE CROIX ROUGE 98 RUE DIDOT 75014 PARIS,75014,Action sociale sans hébergement n.c.a.,10 000 salariés et plus
La Tronche,BNP PARIBAS,662042449,64.19Z,53,,,16 BOULEVARD DES ITALIENS 75009 PARIS,75009,Autres intermédiations monétaires,10 000 salariés et plus
La Tronche,LE SOUVENIR FRANCAIS,775676182,94.99Z,11,,,20 RUE EUGENE FLACHAT 75017 PARIS,75017,Autres organisations fonctionnant par adhésion volontaire,10 à 19 salariés
La Tronche,ORANGE,380129866,61.10Z,53,,,111 QUAI DU PRESIDENT ROOSEVELT 92130 ISSY-LES-MOULINEAUX,92130,Télécommunications filaires,10 000 salariés et plus
La Tronche,COMPASS GROUP FRANCE,632041042,56.29A,53,,,15 BOULEVARD GABRIEL PERI 92240 MALAKOFF,92240,Restauration collective sous contrat,10 000 salariés et plus
Corenc,LA POSTE,356000000,53.10Z,53,,,DIRECTION GENERALE DE LA POSTE 9 RUE DU COLONEL PIERRE AVIA 75015 PARIS,75015,Activités de poste dans le cadre d'une obligation de service universel,10 000 salariés et plus
Corenc,ELECTRICITE DE FRANCE,552081317,35.11Z,53,,,22-30 22 AVENUE DE WAGRAM 75008 PARIS,75008,Production d'électricité,10 000 salariés et plus
Corenc,ELIOR RESTAURATION FRANCE,662025196,56.29B,53,,,51 CHEMIN DES MECHES 94000 CRETEIL,94000,Autres services de restauration n.c.a.,10 000 salariés et plus
Corenc,SOCIETE GENERALE,552120222,64.19Z,53,,,29 BOULEVARD HAUSSMANN 75009 PARIS,75009,Autres intermédiations monétaires,10 000 salariés et plus
Corenc,SNCF RESEAU,412280737,52.21Z,53,,,15 AU 17 15 RUE JEAN-PHILIPPE RAMEAU 93200 SAINT-DENIS,93200,Services auxiliaires des transports terrestres,10 000 salariés et plus
Corenc,BNP PARIBAS,662042449,64.19Z,53,,,16 BOULEVARD DES ITALIENS 75009 PARIS,75009,Autres intermédiations monétaires,10 000 salariés et plus
Corenc,LE SOUVENIR FRANCAIS,775676182,94.99Z,11,,,20 RUE EUGENE FLACHAT 75017 PARIS,75017,Autres organisations fonctionnant par adhésion volontaire,10 à 19 salariés
Corenc,ORANGE,380129866,61.10Z,53,,,111 QUAI DU PRESIDENT ROOSEVELT 92130 ISSY-LES-MOULINEAUX,92130,Télécommunications filaires,10 000 salariés et plus
Corenc,COMPASS GROUP FRANCE,632041042,56.29A,53,,,15 BOULEVARD GABRIEL PERI 92240 MALAKOFF,92240,Restauration collective sous contrat,10 000 salariés et plus
Corenc,LIDL,343262622,47.11D,53,,,1 RUE DE HANOVRE 92290 CHATENAY-MALABRY,92290,Supermarchés,10 000 salariés et plus
