nom_commune,nom,siren,code_naf,tranche_effectif,latitude,longitude,adresse,cp_entreprise
Grenoble,LA POSTE,356000000,53.10Z,53,,,DIRECTION GENERALE DE LA POSTE 9 RUE DU COLONEL PIERRE AVIA 75015 PARIS,75015
Grenoble,ELECTRICITE DE FRANCE,552081317,35.11Z,53,,,22-30 22 AVENUE DE WAGRAM 75008 PARIS,75008
Grenoble,ELIOR RESTAURATION FRANCE,662025196,56.29B,53,,,51 CHEMIN DES MECHES 94000 CRETEIL,94000
Grenoble,SOCIETE GENERALE,552120222,64.19Z,53,,,29 BOULEVARD HAUSSMANN 75009 PARIS,75009
Grenoble,SNCF RESEAU,412280737,52.21Z,53,,,15 AU 17 15 RUE JEAN-PHILIPPE RAMEAU 93200 SAINT-DENIS,93200
Grenoble,CROIX ROUGE FRANCAISE,775672272,88.99B,53,,,SITE CROIX ROUGE 98 RUE DIDOT 75014 PARIS,75014
Grenoble,BNP PARIBAS,662042449,64.19Z,53,,,16 BOULEVARD DES ITALIENS 75009 PARIS,75009
Grenoble,LE SOUVENIR FRANCAIS,775676182,94.99Z,11,,,20 RUE EUGENE FLACHAT 75017 PARIS,75017
Grenoble,ORANGE,380129866,61.10Z,53,,,111 QUAI DU PRESIDENT ROOSEVELT 92130 ISSY-LES-MOULINEAUX,92130
Grenoble,COMPASS GROUP FRANCE,632041042,56.29A,53,,,15 BOULEVARD GABRIEL PERI 92240 MALAKOFF,92240
Voiron,LA POSTE,356000000,53.10Z,53,,,DIRECTION GENERALE DE LA POSTE 9 RUE DU COLONEL PIERRE AVIA 75015 PARIS,75015
Voiron,ELECTRICITE DE FRANCE,552081317,35.11Z,53,,,22-30 22 AVENUE DE WAGRAM 75008 PARIS,75008
Voiron,ELIOR RESTAURATION FRANCE,662025196,56.29B,53,,,51 CHEMIN DES MECHES 94000 CRETEIL,94000
Voiron,SOCIETE GENERALE,552120222,64.19Z,53,,,29 BOULEVARD HAUSSMANN 75009 PARIS,75009
Voiron,CROIX ROUGE FRANCAISE,775672272,88.99B,53,,,SITE CROIX ROUGE 98 RUE DIDOT 75014 PARIS,75014
Voiron,BNP PARIBAS,662042449,64.19Z,53,,,16 BOULEVARD DES ITALIENS 75009 PARIS,75009
Voiron,LE SOUVENIR FRANCAIS,775676182,94.99Z,11,,,20 RUE EUGENE FLACHAT 75017 PARIS,75017
Voiron,ORANGE,380129866,61.10Z,53,,,111 QUAI DU PRESIDENT ROOSEVELT 92130 ISSY-LES-MOULINEAUX,92130
Voiron,COMPASS GROUP FRANCE,632041042,56.29A,53,,,15 BOULEVARD GABRIEL PERI 92240 MALAKOFF,92240
Voiron,LIDL,343262622,47.11D,53,,,1 RUE DE HANOVRE 92290 CHATENAY-MALABRY,92290
Vienne,LA POSTE,356000000,53.10Z,53,,,DIRECTION GENERALE DE LA POSTE 9 RUE DU COLONEL PIERRE AVIA 75015 PARIS,75015
Vienne,ELECTRICITE DE FRANCE,552081317,35.11Z,53,,,22-30 22 AVENUE DE WAGRAM 75008 PARIS,75008
Vienne,ELIOR RESTAURATION FRANCE,662025196,56.29B,53,,,51 CHEMIN DES MECHES 94000 CRETEIL,94000
Vienne,SOCIETE GENERALE,552120222,64.19Z,53,,,29 BOULEVARD HAUSSMANN 75009 PARIS,75009
Vienne,SNCF RESEAU,412280737,52.21Z,53,,,15 AU 17 15 RUE JEAN-PHILIPPE RAMEAU 93200 SAINT-DENIS,93200
Vienne,CROIX ROUGE FRANCAISE,775672272,88.99B,53,,,SITE CROIX ROUGE 98 RUE DIDOT 75014 PARIS,75014
Vienne,BNP PARIBAS,662042449,64.19Z,53,,,16 BOULEVARD DES ITALIENS 75009 PARIS,75009
Vienne,ORANGE,380129866,61.10Z,53,,,111 QUAI DU PRESIDENT ROOSEVELT 92130 ISSY-LES-MOULINEAUX,92130
Vienne,COMPASS GROUP FRANCE,632041042,56.29A,53,,,15 BOULEVARD GABRIEL PERI 92240 MALAKOFF,92240
Vienne,LIDL,343262622,47.11D,53,,,1 RUE DE HANOVRE 92290 CHATENAY-MALABRY,92290
Bourgoin-Jallieu,LA POSTE,356000000,53.10Z,53,,,DIRECTION GENERALE DE LA POSTE 9 RUE DU COLONEL PIERRE AVIA 75015 PARIS,75015
Bourgoin-Jallieu,ELECTRICITE DE FRANCE,552081317,35.11Z,53,,,22-30 22 AVENUE DE WAGRAM 75008 PARIS,75008
Bourgoin-Jallieu,ELIOR RESTAURATION FRANCE,662025196,56.29B,53,,,51 CHEMIN DES MECHES 94000 CRETEIL,94000
Bourgoin-Jallieu,SOCIETE GENERALE,552120222,64.19Z,53,,,29 BOULEVARD HAUSSMANN 75009 PARIS,75009
Bourgoin-Jallieu,SNCF RESEAU,412280737,52.21Z,53,,,15 AU 17 15 RUE JEAN-PHILIPPE RAMEAU 93200 SAINT-DENIS,93200
Bourgoin-Jallieu,CROIX ROUGE FRANCAISE,775672272,88.99B,53,,,SITE CROIX ROUGE 98 RUE DIDOT 75014 PARIS,75014
Bourgoin-Jallieu,BNP PARIBAS,662042449,64.19Z,53,,,16 BOULEVARD DES ITALIENS 75009 PARIS,75009
Bourgoin-Jallieu,LE SOUVENIR FRANCAIS,775676182,94.99Z,11,,,20 RUE EUGENE FLACHAT 75017 PARIS,75017
Bourgoin-Jallieu,ORANGE,380129866,61.10Z,53,,,111 QUAI DU PRESIDENT ROOSEVELT 92130 ISSY-LES-MOULINEAUX,92130
Bourgoin-Jallieu,COMPASS GROUP FRANCE,632041042,56.29A,53,,,15 BOULEVARD GABRIEL PERI 92240 MALAKOFF,92240
Échirolles,LA POSTE,356000000,53.10Z,53,,,DIRECTION GENERALE DE LA POSTE 9 RUE DU COLONEL PIERRE AVIA 75015 PARIS,75015
Échirolles,ELECTRICITE DE FRANCE,552081317,35.11Z,53,,,22-30 22 AVENUE DE WAGRAM 75008 PARIS,75008
Échirolles,ELIOR RESTAURATION FRANCE,662025196,56.29B,53,,,51 CHEMIN DES MECHES 94000 CRETEIL,94000
Échirolles,SOCIETE GENERALE,552120222,64.19Z,53,,,29 BOULEVARD HAUSSMANN 75009 PARIS,75009
Échirolles,SNCF RESEAU,412280737,52.21Z,53,,,15 AU 17 15 RUE JEAN-PHILIPPE RAMEAU 93200 SAINT-DENIS,93200
Échirolles,CROIX ROUGE FRANCAISE,775672272,88.99B,53,,,SITE CROIX ROUGE 98 RUE DIDOT 75014 PARIS,75014
Échirolles,BNP PARIBAS,662042449,64.19Z,53,,,16 BOULEVARD DES ITALIENS 75009 PARIS,75009
Échirolles,LE SOUVENIR FRANCAIS,775676182,94.99Z,11,,,20 RUE EUGENE FLACHAT 75017 PARIS,75017
Échirolles,ORANGE,380129866,61.10Z,53,,,111 QUAI DU PRESIDENT ROOSEVELT 92130 ISSY-LES-MOULINEAUX,92130
Échirolles,COMPASS GROUP FRANCE,632041042,56.29A,53,,,15 BOULEVARD GABRIEL PERI 92240 MALAKOFF,92240
Saint-Martin-d'Hères,LA POSTE,356000000,53.10Z,53,,,DIRECTION GENERALE DE LA POSTE 9 RUE DU COLONEL PIERRE AVIA 75015 PARIS,75015
Saint-Martin-d'Hères,ELECTRICITE DE FRANCE,552081317,35.11Z,53,,,22-30 22 AVENUE DE WAGRAM 75008 PARIS,75008
Saint-Martin-d'Hères,ELIOR RESTAURATION FRANCE,662025196,56.29B,53,,,51 CHEMIN DES MECHES 94000 CRETEIL,94000
Saint-Martin-d'Hères,SOCIETE GENERALE,552120222,64.19Z,53,,,29 BOULEVARD HAUSSMANN 75009 PARIS,75009
Saint-Martin-d'Hères,SNCF RESEAU,412280737,52.21Z,53,,,15 AU 17 15 RUE JEAN-PHILIPPE RAMEAU 93200 SAINT-DENIS,93200
Saint-Martin-d'Hères,CROIX ROUGE FRANCAISE,775672272,88.99B,53,,,SITE CROIX ROUGE 98 RUE DIDOT 75014 PARIS,75014
Saint-Martin-d'Hères,BNP PARIBAS,662042449,64.19Z,53,,,16 BOULEVARD DES ITALIENS 75009 PARIS,75009
Saint-Martin-d'Hères,LE SOUVENIR FRANCAIS,775676182,94.99Z,11,,,20 RUE EUGENE FLACHAT 75017 PARIS,75017
Saint-Martin-d'Hères,ORANGE,380129866,61.10Z,53,,,111 QUAI DU PRESIDENT ROOSEVELT 92130 ISSY-LES-MOULINEAUX,92130
Saint-Martin-d'Hères,COMPASS GROUP FRANCE,632041042,56.29A,53,,,15 BOULEVARD GABRIEL PERI 92240 MALAKOFF,92240
Villefontaine,LA POSTE,356000000,53.10Z,53,,,DIRECTION GENERALE DE LA POSTE 9 RUE DU COLONEL PIERRE AVIA 75015 PARIS,75015
Villefontaine,ELECTRICITE DE FRANCE,552081317,35.11Z,53,,,22-30 22 AVENUE DE WAGRAM 75008 PARIS,75008
Villefontaine,ELIOR RESTAURATION FRANCE,662025196,56.29B,53,,,51 CHEMIN DES MECHES 94000 CRETEIL,94000
Villefontaine,SOCIETE GENERALE,552120222,64.19Z,53,,,29 BOULEVARD HAUSSMANN 75009 PARIS,75009
Villefontaine,SNCF RESEAU,412280737,52.21Z,53,,,15 AU 17 15 RUE JEAN-PHILIPPE RAMEAU 93200 SAINT-DENIS,93200
Villefontaine,CROIX ROUGE FRANCAISE,775672272,88.99B,53,,,SITE CROIX ROUGE 98 RUE DIDOT 75014 PARIS,75014
Villefontaine,BNP PARIBAS,662042449,64.19Z,53,,,16 BOULEVARD DES ITALIENS 75009 PARIS,75009
Villefontaine,ORANGE,380129866,61.10Z,53,,,111 QUAI DU PRESIDENT ROOSEVELT 92130 ISSY-LES-MOULINEAUX,92130
Villefontaine,COMPASS GROUP FRANCE,632041042,56.29A,53,,,15 BOULEVARD GABRIEL PERI 92240 MALAKOFF,92240
Villefontaine,LIDL,343262622,47.11D,53,,,1 RUE DE HANOVRE 92290 CHATENAY-MALABRY,92290
Crolles,LA POSTE,356000000,53.10Z,53,,,DIRECTION GENERALE DE LA POSTE 9 RUE DU COLONEL PIERRE AVIA 75015 PARIS,75015
Crolles,ELIOR RESTAURATION FRANCE,662025196,56.29B,53,,,51 CHEMIN DES MECHES 94000 CRETEIL,94000
Crolles,SOCIETE GENERALE,552120222,64.19Z,53,,,29 BOULEVARD HAUSSMANN 75009 PARIS,75009
Crolles,CROIX ROUGE FRANCAISE,775672272,88.99B,53,,,SITE CROIX ROUGE 98 RUE DIDOT 75014 PARIS,75014
Crolles,BNP PARIBAS,662042449,64.19Z,53,,,16 BOULEVARD DES ITALIENS 75009 PARIS,75009
Crolles,COMPASS GROUP FRANCE,632041042,56.29A,53,,,15 BOULEVARD GABRIEL PERI 92240 MALAKOFF,92240
Crolles,LIDL,343262622,47.11D,53,,,1 RUE DE HANOVRE 92290 CHATENAY-MALABRY,92290
Crolles,SNCF VOYAGEURS,519037584,49.10Z,53,,,1 RUE CAMILLE MOKE 93210 SAINT-DENIS,93210
Crolles,CREDIT LYONNAIS,954509741,64.19Z,53,,,18 RUE DE LA REPUBLIQUE 69002 LYON,69002
Crolles,PICARD SURGELES,784939688,47.11A,52,,,1 ROUTE MILITAIRE 77300 FONTAINEBLEAU,77300
Meylan,LA POSTE,356000000,53.10Z,53,,,DIRECTION GENERALE DE LA POSTE 9 RUE DU COLONEL PIERRE AVIA 75015 PARIS,75015
Meylan,ELECTRICITE DE FRANCE,552081317,35.11Z,53,,,22-30 22 AVENUE DE WAGRAM 75008 PARIS,75008
Meylan,ELIOR RESTAURATION FRANCE,662025196,56.29B,53,,,51 CHEMIN DES MECHES 94000 CRETEIL,94000
Meylan,SOCIETE GENERALE,552120222,64.19Z,53,,,29 BOULEVARD HAUSSMANN 75009 PARIS,75009
Meylan,SNCF RESEAU,412280737,52.21Z,53,,,15 AU 17 15 RUE JEAN-PHILIPPE RAMEAU 93200 SAINT-DENIS,93200
Meylan,BNP PARIBAS,662042449,64.19Z,53,,,16 BOULEVARD DES ITALIENS 75009 PARIS,75009
Meylan,LE SOUVENIR FRANCAIS,775676182,94.99Z,11,,,20 RUE EUGENE FLACHAT 75017 PARIS,75017
Meylan,ORANGE,380129866,61.10Z,53,,,111 QUAI DU PRESIDENT ROOSEVELT 92130 ISSY-LES-MOULINEAUX,92130
Meylan,COMPASS GROUP FRANCE,632041042,56.29A,53,,,15 BOULEVARD GABRIEL PERI 92240 MALAKOFF,92240
Meylan,LIDL,343262622,47.11D,53,,,1 RUE DE HANOVRE 92290 CHATENAY-MALABRY,92290
Pont-de-Claix,LA POSTE,356000000,53.10Z,53,,,DIRECTION GENERALE DE LA POSTE 9 RUE DU COLONEL PIERRE AVIA 75015 PARIS,75015
Pont-de-Claix,ELECTRICITE DE FRANCE,552081317,35.11Z,53,,,22-30 22 AVENUE DE WAGRAM 75008 PARIS,75008
Pont-de-Claix,ELIOR RESTAURATION FRANCE,662025196,56.29B,53,,,51 CHEMIN DES MECHES 94000 CRETEIL,94000
Pont-de-Claix,SOCIETE GENERALE,552120222,64.19Z,53,,,29 BOULEVARD HAUSSMANN 75009 PARIS,75009
Pont-de-Claix,SNCF RESEAU,412280737,52.21Z,53,,,15 AU 17 15 RUE JEAN-PHILIPPE RAMEAU 93200 SAINT-DENIS,93200
Pont-de-Claix,CROIX ROUGE FRANCAISE,775672272,88.99B,53,,,SITE CROIX ROUGE 98 RUE DIDOT 75014 PARIS,75014
Pont-de-Claix,BNP PARIBAS,662042449,64.19Z,53,,,16 BOULEVARD DES ITALIENS 75009 PARIS,75009
Pont-de-Claix,LE SOUVENIR FRANCAIS,775676182,94.99Z,11,,,20 RUE EUGENE FLACHAT 75017 PARIS,75017
Pont-de-Claix,ORANGE,380129866,61.10Z,53,,,111 QUAI DU PRESIDENT ROOSEVELT 92130 ISSY-LES-MOULINEAUX,92130
Pont-de-Claix,COMPASS GROUP FRANCE,632041042,56.29A,53,,,15 BOULEVARD GABRIEL PERI 92240 MALAKOFF,92240
Vizille,LA POSTE,356000000,53.10Z,53,,,DIRECTION GENERALE DE LA POSTE 9 RUE DU COLONEL PIERRE AVIA 75015 PARIS,75015
Vizille,ELECTRICITE DE FRANCE,552081317,35.11Z,53,,,22-30 22 AVENUE DE WAGRAM 75008 PARIS,75008
Vizille,SNCF RESEAU,412280737,52.21Z,53,,,15 AU 17 15 RUE JEAN-PHILIPPE RAMEAU 93200 SAINT-DENIS,93200
Vizille,BNP PARIBAS,662042449,64.19Z,53,,,16 BOULEVARD DES ITALIENS 75009 PARIS,75009
Vizille,COMPASS GROUP FRANCE,632041042,56.29A,53,,,15 BOULEVARD GABRIEL PERI 92240 MALAKOFF,92240
Vizille,LIDL,343262622,47.11D,53,,,1 RUE DE HANOVRE 92290 CHATENAY-MALABRY,92290
Vizille,CREDIT LYONNAIS,954509741,64.19Z,53,,,18 RUE DE LA REPUBLIQUE 69002 LYON,69002
Vizille,ENEDIS,444608442,35.13Z,53,,,4 PLACE DE LA PYRAMIDE 92800 PUTEAUX,92800
Vizille,SODEXO SANTE MEDICO SOCIAL,338253081,56.29A,52,,,6 RUE DE LA REDOUTE 78280 GUYANCOURT,78280
Vizille,ENGIE ENERGIE SERVICES,552046955,35.30Z,53,,,67 RUE JULES FERRY 92250 LA GARENNE-COLOMBES,92250
Voreppe,LA POSTE,356000000,53.10Z,53,,,DIRECTION GENERALE DE LA POSTE 9 RUE DU COLONEL PIERRE AVIA 75015 PARIS,75015
Voreppe,ELIOR RESTAURATION FRANCE,662025196,56.29B,53,,,51 CHEMIN DES MECHES 94000 CRETEIL,94000
Voreppe,SOCIETE GENERALE,552120222,64.19Z,53,,,29 BOULEVARD HAUSSMANN 75009 PARIS,75009
Voreppe,SNCF RESEAU,412280737,52.21Z,53,,,15 AU 17 15 RUE JEAN-PHILIPPE RAMEAU 93200 SAINT-DENIS,93200
Voreppe,BNP PARIBAS,662042449,64.19Z,53,,,16 BOULEVARD DES ITALIENS 75009 PARIS,75009
Voreppe,LE SOUVENIR FRANCAIS,775676182,94.99Z,11,,,20 RUE EUGENE FLACHAT 75017 PARIS,75017
Voreppe,COMPASS GROUP FRANCE,632041042,56.29A,53,,,15 BOULEVARD GABRIEL PERI 92240 MALAKOFF,92240
Voreppe,MCDONALD'S FRANCE,722003936,68.20B,NN,,,Z I 1 RUE GUSTAVE EIFFEL 78280 GUYANCOURT,78280
Voreppe,API RESTAURATION,477181010,56.29A,52,,,384 RUE DU GENERAL DE GAULLE 59370 MONS-EN-BARŒUL,59370
Voreppe,SOGERES,572102176,56.29B,52,,,6 RUE DE LA REDOUTE 78280 GUYANCOURT,78280
Sassenage,LA POSTE,356000000,53.10Z,53,,,DIRECTION GENERALE DE LA POSTE 9 RUE DU COLONEL PIERRE AVIA 75015 PARIS,75015
Sassenage,ELECTRICITE DE FRANCE,552081317,35.11Z,53,,,22-30 22 AVENUE DE WAGRAM 75008 PARIS,75008
Sassenage,ELIOR RESTAURATION FRANCE,662025196,56.29B,53,,,51 CHEMIN DES MECHES 94000 CRETEIL,94000
Sassenage,SOCIETE GENERALE,552120222,64.19Z,53,,,29 BOULEVARD HAUSSMANN 75009 PARIS,75009
Sassenage,SNCF RESEAU,412280737,52.21Z,53,,,15 AU 17 15 RUE JEAN-PHILIPPE RAMEAU 93200 SAINT-DENIS,93200
Sassenage,BNP PARIBAS,662042449,64.19Z,53,,,16 BOULEVARD DES ITALIENS 75009 PARIS,75009
Sassenage,LE SOUVENIR FRANCAIS,775676182,94.99Z,11,,,20 RUE EUGENE FLACHAT 75017 PARIS,75017
Sassenage,ORANGE,380129866,61.10Z,53,,,111 QUAI DU PRESIDENT ROOSEVELT 92130 ISSY-LES-MOULINEAUX,92130
Sassenage,COMPASS GROUP FRANCE,632041042,56.29A,53,,,15 BOULEVARD GABRIEL PERI 92240 MALAKOFF,92240
Sassenage,LIDL,343262622,47.11D,53,,,1 RUE DE HANOVRE 92290 CHATENAY-MALABRY,92290
Fontaine,LA POSTE,356000000,53.10Z,53,,,DIRECTION GENERALE DE LA POSTE 9 RUE DU COLONEL PIERRE AVIA 75015 PARIS,75015
Fontaine,ELECTRICITE DE FRANCE,552081317,35.11Z,53,,,22-30 22 AVENUE DE WAGRAM 75008 PARIS,75008
Fontaine,ELIOR RESTAURATION FRANCE,662025196,56.29B,53,,,51 CHEMIN DES MECHES 94000 CRETEIL,94000
Fontaine,SOCIETE GENERALE,552120222,64.19Z,53,,,29 BOULEVARD HAUSSMANN 75009 PARIS,75009
Fontaine,SNCF RESEAU,412280737,52.21Z,53,,,15 AU 17 15 RUE JEAN-PHILIPPE RAMEAU 93200 SAINT-DENIS,93200
Fontaine,CROIX ROUGE FRANCAISE,775672272,88.99B,53,,,SITE CROIX ROUGE 98 RUE DIDOT 75014 PARIS,75014
Fontaine,BNP PARIBAS,662042449,64.19Z,53,,,16 BOULEVARD DES ITALIENS 75009 PARIS,75009
Fontaine,LE SOUVENIR FRANCAIS,775676182,94.99Z,11,,,20 RUE EUGENE FLACHAT 75017 PARIS,75017
Fontaine,ORANGE,380129866,61.10Z,53,,,111 QUAI DU PRESIDENT ROOSEVELT 92130 ISSY-LES-MOULINEAUX,92130
Fontaine,COMPASS GROUP FRANCE,632041042,56.29A,53,,,15 BOULEVARD GABRIEL PERI 92240 MALAKOFF,92240
Saint-Egrève,LA POSTE,356000000,53.10Z,53,,,DIRECTION GENERALE DE LA POSTE 9 RUE DU COLONEL PIERRE AVIA 75015 PARIS,75015
Saint-Egrève,ELECTRICITE DE FRANCE,552081317,35.11Z,53,,,22-30 22 AVENUE DE WAGRAM 75008 PARIS,75008
Saint-Egrève,ELIOR RESTAURATION FRANCE,662025196,56.29B,53,,,51 CHEMIN DES MECHES 94000 CRETEIL,94000
Saint-Egrève,SOCIETE GENERALE,552120222,64.19Z,53,,,29 BOULEVARD HAUSSMANN 75009 PARIS,75009
Saint-Egrève,SNCF RESEAU,412280737,52.21Z,53,,,15 AU 17 15 RUE JEAN-PHILIPPE RAMEAU 93200 SAINT-DENIS,93200
Saint-Egrève,BNP PARIBAS,662042449,64.19Z,53,,,16 BOULEVARD DES ITALIENS 75009 PARIS,75009
Saint-Egrève,LE SOUVENIR FRANCAIS,775676182,94.99Z,11,,,20 RUE EUGENE FLACHAT 75017 PARIS,75017
Saint-Egrève,ORANGE,380129866,61.10Z,53,,,111 QUAI DU PRESIDENT ROOSEVELT 92130 ISSY-LES-MOULINEAUX,92130
Saint-Egrève,COMPASS GROUP FRANCE,632041042,56.29A,53,,,15 BOULEVARD GABRIEL PERI 92240 MALAKOFF,92240
Saint-Egrève,LIDL,343262622,47.11D,53,,,1 RUE DE HANOVRE 92290 CHATENAY-MALABRY,92290
Rives,LA POSTE,356000000,53.10Z,53,,,DIRECTION GENERALE DE LA POSTE 9 RUE DU COLONEL PIERRE AVIA 75015 PARIS,75015
Rives,ELIOR RESTAURATION FRANCE,662025196,56.29B,53,,,51 CHEMIN DES MECHES 94000 CRETEIL,94000
Rives,SNCF RESEAU,412280737,52.21Z,53,,,15 AU 17 15 RUE JEAN-PHILIPPE RAMEAU 93200 SAINT-DENIS,93200
Rives,BNP PARIBAS,662042449,64.19Z,53,,,16 BOULEVARD DES ITALIENS 75009 PARIS,75009
Rives,ORANGE,380129866,61.10Z,53,,,111 QUAI DU PRESIDENT ROOSEVELT 92130 ISSY-LES-MOULINEAUX,92130
Rives,OGF SERVICES FUNERAIRES,828160069,96.03Z,02,,,IMMEUBLE CANOPY 6 RUE DU GENERAL AUDRAN 92400 COURBEVOIE,92400
Rives,SNCF VOYAGEURS,519037584,49.10Z,53,,,1 RUE CAMILLE MOKE 93210 SAINT-DENIS,93210
Rives,MCDONALD'S FRANCE,722003936,68.20B,NN,,,Z I 1 RUE GUSTAVE EIFFEL 78280 GUYANCOURT,78280
Rives,ENGIE,542107651,35.23Z,51,,,67 RUE JULES FERRY 92250 LA GARENNE-COLOMBES,92250
Rives,AMPLIFON FRANCE,318083110,47.74Z,42,,,9 BOULEVARD ROMAIN ROLLAND 75014 PARIS,75014
Roussillon,LA POSTE,356000000,53.10Z,53,,,DIRECTION GENERALE DE LA POSTE 9 RUE DU COLONEL PIERRE AVIA 75015 PARIS,75015
Roussillon,ELECTRICITE DE FRANCE,552081317,35.11Z,53,,,22-30 22 AVENUE DE WAGRAM 75008 PARIS,75008
Roussillon,SOCIETE GENERALE,552120222,64.19Z,53,,,29 BOULEVARD HAUSSMANN 75009 PARIS,75009
Roussillon,BNP PARIBAS,662042449,64.19Z,53,,,16 BOULEVARD DES ITALIENS 75009 PARIS,75009
Roussillon,LE SOUVENIR FRANCAIS,775676182,94.99Z,11,,,20 RUE EUGENE FLACHAT 75017 PARIS,75017
Roussillon,ORANGE,380129866,61.10Z,53,,,111 QUAI DU PRESIDENT ROOSEVELT 92130 ISSY-LES-MOULINEAUX,92130
Roussillon,COMPASS GROUP FRANCE,632041042,56.29A,53,,,15 BOULEVARD GABRIEL PERI 92240 MALAKOFF,92240
Roussillon,LIDL,343262622,47.11D,53,,,1 RUE DE HANOVRE 92290 CHATENAY-MALABRY,92290
Roussillon,SNCF VOYAGEURS,519037584,49.10Z,53,,,1 RUE CAMILLE MOKE 93210 SAINT-DENIS,93210
Roussillon,CREDIT LYONNAIS,954509741,64.19Z,53,,,18 RUE DE LA REPUBLIQUE 69002 LYON,69002
Tullins,LA POSTE,356000000,53.10Z,53,,,DIRECTION GENERALE DE LA POSTE 9 RUE DU COLONEL PIERRE AVIA 75015 PARIS,75015
Tullins,ELECTRICITE DE FRANCE,552081317,35.11Z,53,,,22-30 22 AVENUE DE WAGRAM 75008 PARIS,75008
Tullins,ELIOR RESTAURATION FRANCE,662025196,56.29B,53,,,51 CHEMIN DES MECHES 94000 CRETEIL,94000
Tullins,SOCIETE GENERALE,552120222,64.19Z,53,,,29 BOULEVARD HAUSSMANN 75009 PARIS,75009
Tullins,BNP PARIBAS,662042449,64.19Z,53,,,16 BOULEVARD DES ITALIENS 75009 PARIS,75009
Tullins,COMPASS GROUP FRANCE,632041042,56.29A,53,,,15 BOULEVARD GABRIEL PERI 92240 MALAKOFF,92240
Tullins,LIDL,343262622,47.11D,53,,,1 RUE DE HANOVRE 92290 CHATENAY-MALABRY,92290
Tullins,OGF SERVICES FUNERAIRES,828160069,96.03Z,02,,,IMMEUBLE CANOPY 6 RUE DU GENERAL AUDRAN 92400 COURBEVOIE,92400
Tullins,ENEDIS,444608442,35.13Z,53,,,4 PLACE DE LA PYRAMIDE 92800 PUTEAUX,92800
Tullins,SODEXO SANTE MEDICO SOCIAL,338253081,56.29A,52,,,6 RUE DE LA REDOUTE 78280 GUYANCOURT,78280
La Tour-du-Pin,LA POSTE,356000000,53.10Z,53,,,DIRECTION GENERALE DE LA POSTE 9 RUE DU COLONEL PIERRE AVIA 75015 PARIS,75015
La Tour-du-Pin,ELECTRICITE DE FRANCE,552081317,35.11Z,53,,,22-30 22 AVENUE DE WAGRAM 75008 PARIS,75008
La Tour-du-Pin,SOCIETE GENERALE,552120222,64.19Z,53,,,29 BOULEVARD HAUSSMANN 75009 PARIS,75009
La Tour-du-Pin,SNCF RESEAU,412280737,52.21Z,53,,,15 AU 17 15 RUE JEAN-PHILIPPE RAMEAU 93200 SAINT-DENIS,93200
La Tour-du-Pin,CROIX ROUGE FRANCAISE,775672272,88.99B,53,,,SITE CROIX ROUGE 98 RUE DIDOT 75014 PARIS,75014
La Tour-du-Pin,BNP PARIBAS,662042449,64.19Z,53,,,16 BOULEVARD DES ITALIENS 75009 PARIS,75009
La Tour-du-Pin,LE SOUVENIR FRANCAIS,775676182,94.99Z,11,,,20 RUE EUGENE FLACHAT 75017 PARIS,75017
La Tour-du-Pin,ORANGE,380129866,61.10Z,53,,,111 QUAI DU PRESIDENT ROOSEVELT 92130 ISSY-LES-MOULINEAUX,92130
La Tour-du-Pin,LIDL,343262622,47.11D,53,,,1 RUE DE HANOVRE 92290 CHATENAY-MALABRY,92290
La Tour-du-Pin,SNCF VOYAGEURS,519037584,49.10Z,53,,,1 RUE CAMILLE MOKE 93210 SAINT-DENIS,93210
Moirans,LA POSTE,356000000,53.10Z,53,,,DIRECTION GENERALE DE LA POSTE 9 RUE DU COLONEL PIERRE AVIA 75015 PARIS,75015
Moirans,ELECTRICITE DE FRANCE,552081317,35.11Z,53,,,22-30 22 AVENUE DE WAGRAM 75008 PARIS,75008
Moirans,ELIOR RESTAURATION FRANCE,662025196,56.29B,53,,,51 CHEMIN DES MECHES 94000 CRETEIL,94000
Moirans,SOCIETE GENERALE,552120222,64.19Z,53,,,29 BOULEVARD HAUSSMANN 75009 PARIS,75009
Moirans,SNCF RESEAU,412280737,52.21Z,53,,,15 AU 17 15 RUE JEAN-PHILIPPE RAMEAU 93200 SAINT-DENIS,93200
Moirans,LE SOUVENIR FRANCAIS,775676182,94.99Z,11,,,20 RUE EUGENE FLACHAT 75017 PARIS,75017
Moirans,COMPASS GROUP FRANCE,632041042,56.29A,53,,,15 BOULEVARD GABRIEL PERI 92240 MALAKOFF,92240
Moirans,LIDL,343262622,47.11D,53,,,1 RUE DE HANOVRE 92290 CHATENAY-MALABRY,92290
Moirans,OGF SERVICES FUNERAIRES,828160069,96.03Z,02,,,IMMEUBLE CANOPY 6 RUE DU GENERAL AUDRAN 92400 COURBEVOIE,92400
Moirans,CREDIT LYONNAIS,954509741,64.19Z,53,,,18 RUE DE LA REPUBLIQUE 69002 LYON,69002
Saint-Marcellin,LA POSTE,356000000,53.10Z,53,,,DIRECTION GENERALE DE LA POSTE 9 RUE DU COLONEL PIERRE AVIA 75015 PARIS,75015
Saint-Marcellin,ELECTRICITE DE FRANCE,552081317,35.11Z,53,,,22-30 22 AVENUE DE WAGRAM 75008 PARIS,75008
Saint-Marcellin,SOCIETE GENERALE,552120222,64.19Z,53,,,29 BOULEVARD HAUSSMANN 75009 PARIS,75009
Saint-Marcellin,SNCF RESEAU,412280737,52.21Z,53,,,15 AU 17 15 RUE JEAN-PHILIPPE RAMEAU 93200 SAINT-DENIS,93200
Saint-Marcellin,CROIX ROUGE FRANCAISE,775672272,88.99B,53,,,SITE CROIX ROUGE 98 RUE DIDOT 75014 PARIS,75014
Saint-Marcellin,BNP PARIBAS,662042449,64.19Z,53,,,16 BOULEVARD DES ITALIENS 75009 PARIS,75009
Saint-Marcellin,LE SOUVENIR FRANCAIS,775676182,94.99Z,11,,,20 RUE EUGENE FLACHAT 75017 PARIS,75017
Saint-Marcellin,ORANGE,380129866,61.10Z,53,,,111 QUAI DU PRESIDENT ROOSEVELT 92130 ISSY-LES-MOULINEAUX,92130
Saint-Marcellin,LIDL,343262622,47.11D,53,,,1 RUE DE HANOVRE 92290 CHATENAY-MALABRY,92290
Saint-Marcellin,OGF SERVICES FUNERAIRES,828160069,96.03Z,02,,,IMMEUBLE CANOPY 6 RUE DU GENERAL AUDRAN 92400 COURBEVOIE,92400
Saint-Martin-d'Uriage,LA POSTE,356000000,53.10Z,53,,,DIRECTION GENERALE DE LA POSTE 9 RUE DU COLONEL PIERRE AVIA 75015 PARIS,75015
Saint-Martin-d'Uriage,BNP PARIBAS,662042449,64.19Z,53,,,16 BOULEVARD DES ITALIENS 75009 PARIS,75009
Saint-Martin-d'Uriage,CARREFOUR PROXIMITE FRANCE,345130488,77.40Z,41,,,ZI ROUTE DE PARIS 14120 MONDEVILLE,14120
Saint-Martin-d'Uriage,CREDIT LYONNAIS,954509741,64.19Z,53,,,18 RUE DE LA REPUBLIQUE 69002 LYON,69002
Saint-Martin-d'Uriage,DISTRIBUTION CASINO FRANCE,428268023,47.11F,53,,,1 COURS ANTOINE GUICHARD 42000 SAINT-ETIENNE,42000
Saint-Martin-d'Uriage,FONCIA TRANSACTION FRANCE,503698664,68.31Z,42,,,18-19 - TOUR AURORE 18 PLACE DES REFLETS 92400 COURBEVOIE,92400
Saint-Martin-d'Uriage,CAISSE CENTRALE ACTIVITE SOCIALE,775694748,56.29A,42,,,BP 629 8 RUE DE ROSNY 93100 MONTREUIL,93100
Saint-Martin-d'Uriage,LYONNAISE DE BANQUE,954507976,64.19Z,51,,,8 RUE DE LA REPUBLIQUE 69001 LYON,69001
Saint-Martin-d'Uriage,SOCIETE NATIONALE SNCF,552049447,49.10Z,53,,,2 PLACE AUX ETOILES 93210 SAINT-DENIS,93210
Saint-Martin-d'Uriage,CAISSE D'EPARGNE ET DE PREVOYANCE DE RHONE ALPES,384006029,64.19Z,51,,,116 COURS LAFAYETTE 69003 LYON,69003
Domène,LA POSTE,356000000,53.10Z,53,,,DIRECTION GENERALE DE LA POSTE 9 RUE DU COLONEL PIERRE AVIA 75015 PARIS,75015
Domène,ELECTRICITE DE FRANCE,552081317,35.11Z,53,,,22-30 22 AVENUE DE WAGRAM 75008 PARIS,75008
Domène,ELIOR RESTAURATION FRANCE,662025196,56.29B,53,,,51 CHEMIN DES MECHES 94000 CRETEIL,94000
Domène,SOCIETE GENERALE,552120222,64.19Z,53,,,29 BOULEVARD HAUSSMANN 75009 PARIS,75009
Domène,SNCF RESEAU,412280737,52.21Z,53,,,15 AU 17 15 RUE JEAN-PHILIPPE RAMEAU 93200 SAINT-DENIS,93200
Domène,BNP PARIBAS,662042449,64.19Z,53,,,16 BOULEVARD DES ITALIENS 75009 PARIS,75009
Domène,LE SOUVENIR FRANCAIS,775676182,94.99Z,11,,,20 RUE EUGENE FLACHAT 75017 PARIS,75017
Domène,ORANGE,380129866,61.10Z,53,,,111 QUAI DU PRESIDENT ROOSEVELT 92130 ISSY-LES-MOULINEAUX,92130
Domène,COMPASS GROUP FRANCE,632041042,56.29A,53,,,15 BOULEVARD GABRIEL PERI 92240 MALAKOFF,92240
Domène,SNCF VOYAGEURS,519037584,49.10Z,53,,,1 RUE CAMILLE MOKE 93210 SAINT-DENIS,93210
Pontcharra,LA POSTE,356000000,53.10Z,53,,,DIRECTION GENERALE DE LA POSTE 9 RUE DU COLONEL PIERRE AVIA 75015 PARIS,75015
Pontcharra,ELECTRICITE DE FRANCE,552081317,35.11Z,53,,,22-30 22 AVENUE DE WAGRAM 75008 PARIS,75008
Pontcharra,SOCIETE GENERALE,552120222,64.19Z,53,,,29 BOULEVARD HAUSSMANN 75009 PARIS,75009
Pontcharra,SNCF RESEAU,412280737,52.21Z,53,,,15 AU 17 15 RUE JEAN-PHILIPPE RAMEAU 93200 SAINT-DENIS,93200
Pontcharra,CROIX ROUGE FRANCAISE,775672272,88.99B,53,,,SITE CROIX ROUGE 98 RUE DIDOT 75014 PARIS,75014
Pontcharra,BNP PARIBAS,662042449,64.19Z,53,,,16 BOULEVARD DES ITALIENS 75009 PARIS,75009
Pontcharra,COMPASS GROUP FRANCE,632041042,56.29A,53,,,15 BOULEVARD GABRIEL PERI 92240 MALAKOFF,92240
Pontcharra,LIDL,343262622,47.11D,53,,,1 RUE DE HANOVRE 92290 CHATENAY-MALABRY,92290
Pontcharra,SNCF VOYAGEURS,519037584,49.10Z,53,,,1 RUE CAMILLE MOKE 93210 SAINT-DENIS,93210
Pontcharra,CARREFOUR PROXIMITE FRANCE,345130488,77.40Z,41,,,ZI ROUTE DE PARIS 14120 MONDEVILLE,14120
Bourg-d'Oisans,LA POSTE,356000000,53.10Z,53,,,DIRECTION GENERALE DE LA POSTE 9 RUE DU COLONEL PIERRE AVIA 75015 PARIS,75015
Bourg-d'Oisans,ELECTRICITE DE FRANCE,552081317,35.11Z,53,,,22-30 22 AVENUE DE WAGRAM 75008 PARIS,75008
Bourg-d'Oisans,SOCIETE GENERALE,552120222,64.19Z,53,,,29 BOULEVARD HAUSSMANN 75009 PARIS,75009
Bourg-d'Oisans,BNP PARIBAS,662042449,64.19Z,53,,,16 BOULEVARD DES ITALIENS 75009 PARIS,75009
Bourg-d'Oisans,LE SOUVENIR FRANCAIS,775676182,94.99Z,11,,,20 RUE EUGENE FLACHAT 75017 PARIS,75017
Bourg-d'Oisans,ORANGE,380129866,61.10Z,53,,,111 QUAI DU PRESIDENT ROOSEVELT 92130 ISSY-LES-MOULINEAUX,92130
Bourg-d'Oisans,CARREFOUR PROXIMITE FRANCE,345130488,77.40Z,41,,,ZI ROUTE DE PARIS 14120 MONDEVILLE,14120
Bourg-d'Oisans,ENEDIS,444608442,35.13Z,53,,,4 PLACE DE LA PYRAMIDE 92800 PUTEAUX,92800
Bourg-d'Oisans,DISTRIBUTION CASINO FRANCE,428268023,47.11F,53,,,1 COURS ANTOINE GUICHARD 42000 SAINT-ETIENNE,42000
Bourg-d'Oisans,FIDUCIAL CONSULTING,972200018,82.11Z,42,,,41 RUE DU CAPITAINE GUYNEMER 92400 COURBEVOIE,92400
Vif,LA POSTE,356000000,53.10Z,53,,,DIRECTION GENERALE DE LA POSTE 9 RUE DU COLONEL PIERRE AVIA 75015 PARIS,75015
Vif,ELECTRICITE DE FRANCE,552081317,35.11Z,53,,,22-30 22 AVENUE DE WAGRAM 75008 PARIS,75008
Vif,SOCIETE GENERALE,552120222,64.19Z,53,,,29 BOULEVARD HAUSSMANN 75009 PARIS,75009
Vif,SNCF RESEAU,412280737,52.21Z,53,,,15 AU 17 15 RUE JEAN-PHILIPPE RAMEAU 93200 SAINT-DENIS,93200
Vif,BNP PARIBAS,662042449,64.19Z,53,,,16 BOULEVARD DES ITALIENS 75009 PARIS,75009
Vif,LE SOUVENIR FRANCAIS,775676182,94.99Z,11,,,20 RUE EUGENE FLACHAT 75017 PARIS,75017
Vif,COMPASS GROUP FRANCE,632041042,56.29A,53,,,15 BOULEVARD GABRIEL PERI 92240 MALAKOFF,92240
Vif,API RESTAURATION,477181010,56.29A,52,,,384 RUE DU GENERAL DE GAULLE 59370 MONS-EN-BARŒUL,59370
Vif,DISTRIBUTION CASINO FRANCE,428268023,47.11F,53,,,1 COURS ANTOINE GUICHARD 42000 SAINT-ETIENNE,42000
Vif,EVANCIA,447818600,88.91A,51,,,60 AVENUE DE L’EUROPE 92270 BOIS-COLOMBES,92270
Villard-Bonnot,LA POSTE,356000000,53.10Z,53,,,DIRECTION GENERALE DE LA POSTE 9 RUE DU COLONEL PIERRE AVIA 75015 PARIS,75015
Villard-Bonnot,ELIOR RESTAURATION FRANCE,662025196,56.29B,53,,,51 CHEMIN DES MECHES 94000 CRETEIL,94000
Villard-Bonnot,SOCIETE GENERALE,552120222,64.19Z,53,,,29 BOULEVARD HAUSSMANN 75009 PARIS,75009
Villard-Bonnot,CROIX ROUGE FRANCAISE,775672272,88.99B,53,,,SITE CROIX ROUGE 98 RUE DIDOT 75014 PARIS,75014
Villard-Bonnot,BNP PARIBAS,662042449,64.19Z,53,,,16 BOULEVARD DES ITALIENS 75009 PARIS,75009
Villard-Bonnot,COMPASS GROUP FRANCE,632041042,56.29A,53,,,15 BOULEVARD GABRIEL PERI 92240 MALAKOFF,92240
Villard-Bonnot,LIDL,343262622,47.11D,53,,,1 RUE DE HANOVRE 92290 CHATENAY-MALABRY,92290
Villard-Bonnot,SNCF VOYAGEURS,519037584,49.10Z,53,,,1 RUE CAMILLE MOKE 93210 SAINT-DENIS,93210
Villard-Bonnot,CARREFOUR PROXIMITE FRANCE,345130488,77.40Z,41,,,ZI ROUTE DE PARIS 14120 MONDEVILLE,14120
Villard-Bonnot,CREDIT LYONNAIS,954509741,64.19Z,53,,,18 RUE DE LA REPUBLIQUE 69002 LYON,69002
Jarrie,LA POSTE,356000000,53.10Z,53,,,DIRECTION GENERALE DE LA POSTE 9 RUE DU COLONEL PIERRE AVIA 75015 PARIS,75015
Jarrie,ELECTRICITE DE FRANCE,552081317,35.11Z,53,,,22-30 22 AVENUE DE WAGRAM 75008 PARIS,75008
Jarrie,ELIOR RESTAURATION FRANCE,662025196,56.29B,53,,,51 CHEMIN DES MECHES 94000 CRETEIL,94000
Jarrie,SOCIETE GENERALE,552120222,64.19Z,53,,,29 BOULEVARD HAUSSMANN 75009 PARIS,75009
Jarrie,SNCF RESEAU,412280737,52.21Z,53,,,15 AU 17 15 RUE JEAN-PHILIPPE RAMEAU 93200 SAINT-DENIS,93200
Jarrie,CROIX ROUGE FRANCAISE,775672272,88.99B,53,,,SITE CROIX ROUGE 98 RUE DIDOT 75014 PARIS,75014
Jarrie,BNP PARIBAS,662042449,64.19Z,53,,,16 BOULEVARD DES ITALIENS 75009 PARIS,75009
Jarrie,LE SOUVENIR FRANCAIS,775676182,94.99Z,11,,,20 RUE EUGENE FLACHAT 75017 PARIS,75017
Jarrie,ORANGE,380129866,61.10Z,53,,,111 QUAI DU PRESIDENT ROOSEVELT 92130 ISSY-LES-MOULINEAUX,92130
Jarrie,COMPASS GROUP FRANCE,632041042,56.29A,53,,,15 BOULEVARD GABRIEL PERI 92240 MALAKOFF,92240
Charvieu-Chavagneux,LA POSTE,356000000,53.10Z,53,,,DIRECTION GENERALE DE LA POSTE 9 RUE DU COLONEL PIERRE AVIA 75015 PARIS,75015
Charvieu-Chavagneux,ELECTRICITE DE FRANCE,552081317,35.11Z,53,,,22-30 22 AVENUE DE WAGRAM 75008 PARIS,75008
Charvieu-Chavagneux,BNP PARIBAS,662042449,64.19Z,53,,,16 BOULEVARD DES ITALIENS 75009 PARIS,75009
Charvieu-Chavagneux,ORANGE,380129866,61.10Z,53,,,111 QUAI DU PRESIDENT ROOSEVELT 92130 ISSY-LES-MOULINEAUX,92130
Charvieu-Chavagneux,LIDL,343262622,47.11D,53,,,1 RUE DE HANOVRE 92290 CHATENAY-MALABRY,92290
Charvieu-Chavagneux,CARREFOUR PROXIMITE FRANCE,345130488,77.40Z,41,,,ZI ROUTE DE PARIS 14120 MONDEVILLE,14120
Charvieu-Chavagneux,CREDIT LYONNAIS,954509741,64.19Z,53,,,18 RUE DE LA REPUBLIQUE 69002 LYON,69002
Charvieu-Chavagneux,MCDONALD'S FRANCE,722003936,68.20B,NN,,,Z I 1 RUE GUSTAVE EIFFEL 78280 GUYANCOURT,78280
Charvieu-Chavagneux,API RESTAURATION,477181010,56.29A,52,,,384 RUE DU GENERAL DE GAULLE 59370 MONS-EN-BARŒUL,59370
Charvieu-Chavagneux,SOGERES,572102176,56.29B,52,,,6 RUE DE LA REDOUTE 78280 GUYANCOURT,78280
Saint-Quentin-Fallavier,LA POSTE,356000000,53.10Z,53,,,DIRECTION GENERALE DE LA POSTE 9 RUE DU COLONEL PIERRE AVIA 75015 PARIS,75015
Saint-Quentin-Fallavier,ELECTRICITE DE FRANCE,552081317,35.11Z,53,,,22-30 22 AVENUE DE WAGRAM 75008 PARIS,75008
Saint-Quentin-Fallavier,ELIOR RESTAURATION FRANCE,662025196,56.29B,53,,,51 CHEMIN DES MECHES 94000 CRETEIL,94000
Saint-Quentin-Fallavier,SOCIETE GENERALE,552120222,64.19Z,53,,,29 BOULEVARD HAUSSMANN 75009 PARIS,75009
Saint-Quentin-Fallavier,SNCF RESEAU,412280737,52.21Z,53,,,15 AU 17 15 RUE JEAN-PHILIPPE RAMEAU 93200 SAINT-DENIS,93200
Saint-Quentin-Fallavier,CROIX ROUGE FRANCAISE,775672272,88.99B,53,,,SITE CROIX ROUGE 98 RUE DIDOT 75014 PARIS,75014
Saint-Quentin-Fallavier,BNP PARIBAS,662042449,64.19Z,53,,,16 BOULEVARD DES ITALIENS 75009 PARIS,75009
Saint-Quentin-Fallavier,ORANGE,380129866,61.10Z,53,,,111 QUAI DU PRESIDENT ROOSEVELT 92130 ISSY-LES-MOULINEAUX,92130
Saint-Quentin-Fallavier,COMPASS GROUP FRANCE,632041042,56.29A,53,,,15 BOULEVARD GABRIEL PERI 92240 MALAKOFF,92240
Saint-Quentin-Fallavier,LIDL,343262622,47.11D,53,,,1 RUE DE HANOVRE 92290 CHATENAY-MALABRY,92290
Montbonnot-Saint-Martin,LA POSTE,356000000,53.10Z,53,,,DIRECTION GENERALE DE LA POSTE 9 RUE DU COLONEL PIERRE AVIA 75015 PARIS,75015
Montbonnot-Saint-Martin,ELECTRICITE DE FRANCE,552081317,35.11Z,53,,,22-30 22 AVENUE DE WAGRAM 75008 PARIS,75008
Montbonnot-Saint-Martin,ELIOR RESTAURATION FRANCE,662025196,56.29B,53,,,51 CHEMIN DES MECHES 94000 CRETEIL,94000
Montbonnot-Saint-Martin,SOCIETE GENERALE,552120222,64.19Z,53,,,29 BOULEVARD HAUSSMANN 75009 PARIS,75009
Montbonnot-Saint-Martin,SNCF RESEAU,412280737,52.21Z,53,,,15 AU 17 15 RUE JEAN-PHILIPPE RAMEAU 93200 SAINT-DENIS,93200
Montbonnot-Saint-Martin,BNP PARIBAS,662042449,64.19Z,53,,,16 BOULEVARD DES ITALIENS 75009 PARIS,75009
Montbonnot-Saint-Martin,LE SOUVENIR FRANCAIS,775676182,94.99Z,11,,,20 RUE EUGENE FLACHAT 75017 PARIS,75017
Montbonnot-Saint-Martin,ORANGE,380129866,61.10Z,53,,,111 QUAI DU PRESIDENT ROOSEVELT 92130 ISSY-LES-MOULINEAUX,92130
Montbonnot-Saint-Martin,COMPASS GROUP FRANCE,632041042,56.29A,53,,,15 BOULEVARD GABRIEL PERI 92240 MALAKOFF,92240
Montbonnot-Saint-Martin,LIDL,343262622,47.11D,53,,,1 RUE DE HANOVRE 92290 CHATENAY-MALABRY,92290
Claix,LA POSTE,356000000,53.10Z,53,,,DIRECTION GENERALE DE LA POSTE 9 RUE DU COLONEL PIERRE AVIA 75015 PARIS,75015
Claix,ELECTRICITE DE FRANCE,552081317,35.11Z,53,,,22-30 22 AVENUE DE WAGRAM 75008 PARIS,75008
Claix,ELIOR RESTAURATION FRANCE,662025196,56.29B,53,,,51 CHEMIN DES MECHES 94000 CRETEIL,94000
Claix,SOCIETE GENERALE,552120222,64.19Z,53,,,29 BOULEVARD HAUSSMANN 75009 PARIS,75009
Claix,SNCF RESEAU,412280737,52.21Z,53,,,15 AU 17 15 RUE JEAN-PHILIPPE RAMEAU 93200 SAINT-DENIS,93200
Claix,CROIX ROUGE FRANCAISE,775672272,88.99B,53,,,SITE CROIX ROUGE 98 RUE DIDOT 75014 PARIS,75014
Claix,BNP PARIBAS,662042449,64.19Z,53,,,16 BOULEVARD DES ITALIENS 75009 PARIS,75009
Claix,ORANGE,380129866,61.10Z,53,,,111 QUAI DU PRESIDENT ROOSEVELT 92130 ISSY-LES-MOULINEAUX,92130
Claix,COMPASS GROUP FRANCE,632041042,56.29A,53,,,15 BOULEVARD GABRIEL PERI 92240 MALAKOFF,92240
Claix,CARREFOUR PROXIMITE FRANCE,345130488,77.40Z,41,,,ZI ROUTE DE PARIS 14120 MONDEVILLE,14120
Seyssinet-Pariset,LA POSTE,356000000,53.10Z,53,,,DIRECTION GENERALE DE LA POSTE 9 RUE DU COLONEL PIERRE AVIA 75015 PARIS,75015
Seyssinet-Pariset,ELECTRICITE DE FRANCE,552081317,35.11Z,53,,,22-30 22 AVENUE DE WAGRAM 75008 PARIS,75008
Seyssinet-Pariset,ELIOR RESTAURATION FRANCE,662025196,56.29B,53,,,51 CHEMIN DES MECHES 94000 CRETEIL,94000
Seyssinet-Pariset,SOCIETE GENERALE,552120222,64.19Z,53,,,29 BOULEVARD HAUSSMANN 75009 PARIS,75009
Seyssinet-Pariset,SNCF RESEAU,412280737,52.21Z,53,,,15 AU 17 15 RUE JEAN-PHILIPPE RAMEAU 93200 SAINT-DENIS,93200
Seyssinet-Pariset,CROIX ROUGE FRANCAISE,775672272,88.99B,53,,,SITE CROIX ROUGE 98 RUE DIDOT 75014 PARIS,75014
Seyssinet-Pariset,BNP PARIBAS,662042449,64.19Z,53,,,16 BOULEVARD DES ITALIENS 75009 PARIS,75009
Seyssinet-Pariset,LE SOUVENIR FRANCAIS,775676182,94.99Z,11,,,20 RUE EUGENE FLACHAT 75017 PARIS,75017
Seyssinet-Pariset,ORANGE,380129866,61.10Z,53,,,111 QUAI DU PRESIDENT ROOSEVELT 92130 ISSY-LES-MOULINEAUX,92130
Seyssinet-Pariset,COMPASS GROUP FRANCE,632041042,56.29A,53,,,15 BOULEVARD GABRIEL PERI 92240 MALAKOFF,92240
Poisat,LA POSTE,356000000,53.10Z,53,,,DIRECTION GENERALE DE LA POSTE 9 RUE DU COLONEL PIERRE AVIA 75015 PARIS,75015
Poisat,ELECTRICITE DE FRANCE,552081317,35.11Z,53,,,22-30 22 AVENUE DE WAGRAM 75008 PARIS,75008
Poisat,ELIOR RESTAURATION FRANCE,662025196,56.29B,53,,,51 CHEMIN DES MECHES 94000 CRETEIL,94000
Poisat,SOCIETE GENERALE,552120222,64.19Z,53,,,29 BOULEVARD HAUSSMANN 75009 PARIS,75009
Poisat,SNCF RESEAU,412280737,52.21Z,53,,,15 AU 17 15 RUE JEAN-PHILIPPE RAMEAU 93200 SAINT-DENIS,93200
Poisat,CROIX ROUGE FRANCAISE,775672272,88.99B,53,,,SITE CROIX ROUGE 98 RUE DIDOT 75014 PARIS,75014
Poisat,BNP PARIBAS,662042449,64.19Z,53,,,16 BOULEVARD DES ITALIENS 75009 PARIS,75009
Poisat,LE SOUVENIR FRANCAIS,775676182,94.99Z,11,,,20 RUE EUGENE FLACHAT 75017 PARIS,75017
Poisat,ORANGE,380129866,61.10Z,53,,,111 QUAI DU PRESIDENT ROOSEVELT 92130 ISSY-LES-MOULINEAUX,92130
Poisat,COMPASS GROUP FRANCE,632041042,56.29A,53,,,15 BOULEVARD GABRIEL PERI 92240 MALAKOFF,92240
Gières,LA POSTE,356000000,53.10Z,53,,,DIRECTION GENERALE DE LA POSTE 9 RUE DU COLONEL PIERRE AVIA 75015 PARIS,75015
Gières,ELECTRICITE DE FRANCE,552081317,35.11Z,53,,,22-30 22 AVENUE DE WAGRAM 75008 PARIS,75008
Gières,ELIOR RESTAURATION FRANCE,662025196,56.29B,53,,,51 CHEMIN DES MECHES 94000 CRETEIL,94000
Gières,SOCIETE GENERALE,552120222,64.19Z,53,,,29 BOULEVARD HAUSSMANN 75009 PARIS,75009
Gières,SNCF RESEAU,412280737,52.21Z,53,,,15 AU 17 15 RUE JEAN-PHILIPPE RAMEAU 93200 SAINT-DENIS,93200
Gières,BNP PARIBAS,662042449,64.19Z,53,,,16 BOULEVARD DES ITALIENS 75009 PARIS,75009
Gières,LE SOUVENIR FRANCAIS,775676182,94.99Z,11,,,20 RUE EUGENE FLACHAT 75017 PARIS,75017
Gières,ORANGE,380129866,61.10Z,53,,,111 QUAI DU PRESIDENT ROOSEVELT 92130 ISSY-LES-MOULINEAUX,92130
Gières,COMPASS GROUP FRANCE,632041042,56.29A,53,,,15 BOULEVARD GABRIEL PERI 92240 MALAKOFF,92240
Gières,LIDL,343262622,47.11D,53,,,1 RUE DE HANOVRE 92290 CHATENAY-MALABRY,92290
Eybens,LA POSTE,356000000,53.10Z,53,,,DIRECTION GENERALE DE LA POSTE 9 RUE DU COLONEL PIERRE AVIA 75015 PARIS,75015
Eybens,ELECTRICITE DE FRANCE,552081317,35.11Z,53,,,22-30 22 AVENUE DE WAGRAM 75008 PARIS,75008
Eybens,ELIOR RESTAURATION FRANCE,662025196,56.29B,53,,,51 CHEMIN DES MECHES 94000 CRETEIL,94000
Eybens,SOCIETE GENERALE,552120222,64.19Z,53,,,29 BOULEVARD HAUSSMANN 75009 PARIS,75009
Eybens,SNCF RESEAU,412280737,52.21Z,53,,,15 AU 17 15 RUE JEAN-PHILIPPE RAMEAU 93200 SAINT-DENIS,93200
Eybens,CROIX ROUGE FRANCAISE,775672272,88.99B,53,,,SITE CROIX ROUGE 98 RUE DIDOT 75014 PARIS,75014
Eybens,BNP PARIBAS,662042449,64.19Z,53,,,16 BOULEVARD DES ITALIENS 75009 PARIS,75009
Eybens,LE SOUVENIR FRANCAIS,775676182,94.99Z,11,,,20 RUE EUGENE FLACHAT 75017 PARIS,75017
Eybens,ORANGE,380129866,61.10Z,53,,,111 QUAI DU PRESIDENT ROOSEVELT 92130 ISSY-LES-MOULINEAUX,92130
Eybens,COMPASS GROUP FRANCE,632041042,56.29A,53,,,15 BOULEVARD GABRIEL PERI 92240 MALAKOFF,92240
Bresson,LA POSTE,356000000,53.10Z,53,,,DIRECTION GENERALE DE LA POSTE 9 RUE DU COLONEL PIERRE AVIA 75015 PARIS,75015
Bresson,ELECTRICITE DE FRANCE,552081317,35.11Z,53,,,22-30 22 AVENUE DE WAGRAM 75008 PARIS,75008
Bresson,ELIOR RESTAURATION FRANCE,662025196,56.29B,53,,,51 CHEMIN DES MECHES 94000 CRETEIL,94000
Bresson,SOCIETE GENERALE,552120222,64.19Z,53,,,29 BOULEVARD HAUSSMANN 75009 PARIS,75009
Bresson,SNCF RESEAU,412280737,52.21Z,53,,,15 AU 17 15 RUE JEAN-PHILIPPE RAMEAU 93200 SAINT-DENIS,93200
Bresson,CROIX ROUGE FRANCAISE,775672272,88.99B,53,,,SITE CROIX ROUGE 98 RUE DIDOT 75014 PARIS,75014
Bresson,BNP PARIBAS,662042449,64.19Z,53,,,16 BOULEVARD DES ITALIENS 75009 PARIS,75009
Bresson,LE SOUVENIR FRANCAIS,775676182,94.99Z,11,,,20 RUE EUGENE FLACHAT 75017 PARIS,75017
Bresson,ORANGE,380129866,61.10Z,53,,,111 QUAI DU PRESIDENT ROOSEVELT 92130 ISSY-LES-MOULINEAUX,92130
Bresson,COMPASS GROUP FRANCE,632041042,56.29A,53,,,15 BOULEVARD GABRIEL PERI 92240 MALAKOFF,92240
Varces-Allières-et-Risset,LA POSTE,356000000,53.10Z,53,,,DIRECTION GENERALE DE LA POSTE 9 RUE DU COLONEL PIERRE AVIA 75015 PARIS,75015
Varces-Allières-et-Risset,ELECTRICITE DE FRANCE,552081317,35.11Z,53,,,22-30 22 AVENUE DE WAGRAM 75008 PARIS,75008
Varces-Allières-et-Risset,ELIOR RESTAURATION FRANCE,662025196,56.29B,53,,,51 CHEMIN DES MECHES 94000 CRETEIL,94000
Varces-Allières-et-Risset,SOCIETE GENERALE,552120222,64.19Z,53,,,29 BOULEVARD HAUSSMANN 75009 PARIS,75009
Varces-Allières-et-Risset,SNCF RESEAU,412280737,52.21Z,53,,,15 AU 17 15 RUE JEAN-PHILIPPE RAMEAU 93200 SAINT-DENIS,93200
Varces-Allières-et-Risset,BNP PARIBAS,662042449,64.19Z,53,,,16 BOULEVARD DES ITALIENS 75009 PARIS,75009
Varces-Allières-et-Risset,LE SOUVENIR FRANCAIS,775676182,94.99Z,11,,,20 RUE EUGENE FLACHAT 75017 PARIS,75017
Varces-Allières-et-Risset,COMPASS GROUP FRANCE,632041042,56.29A,53,,,15 BOULEVARD GABRIEL PERI 92240 MALAKOFF,92240
Varces-Allières-et-Risset,CARREFOUR PROXIMITE FRANCE,345130488,77.40Z,41,,,ZI ROUTE DE PARIS 14120 MONDEVILLE,14120
Varces-Allières-et-Risset,CREDIT LYONNAIS,954509741,64.19Z,53,,,18 RUE DE LA REPUBLIQUE 69002 LYON,69002
Champagnier,LA POSTE,356000000,53.10Z,53,,,DIRECTION GENERALE DE LA POSTE 9 RUE DU COLONEL PIERRE AVIA 75015 PARIS,75015
Champagnier,ELECTRICITE DE FRANCE,552081317,35.11Z,53,,,22-30 22 AVENUE DE WAGRAM 75008 PARIS,75008
Champagnier,ELIOR RESTAURATION FRANCE,662025196,56.29B,53,,,51 CHEMIN DES MECHES 94000 CRETEIL,94000
Champagnier,SOCIETE GENERALE,552120222,64.19Z,53,,,29 BOULEVARD HAUSSMANN 75009 PARIS,75009
Champagnier,SNCF RESEAU,412280737,52.21Z,53,,,15 AU 17 15 RUE JEAN-PHILIPPE RAMEAU 93200 SAINT-DENIS,93200
Champagnier,CROIX ROUGE FRANCAISE,775672272,88.99B,53,,,SITE CROIX ROUGE 98 RUE DIDOT 75014 PARIS,75014
Champagnier,BNP PARIBAS,662042449,64.19Z,53,,,16 BOULEVARD DES ITALIENS 75009 PARIS,75009
Champagnier,LE SOUVENIR FRANCAIS,775676182,94.99Z,11,,,20 RUE EUGENE FLACHAT 75017 PARIS,75017
Champagnier,ORANGE,380129866,61.10Z,53,,,111 QUAI DU PRESIDENT ROOSEVELT 92130 ISSY-LES-MOULINEAUX,92130
Champagnier,COMPASS GROUP FRANCE,632041042,56.29A,53,,,15 BOULEVARD GABRIEL PERI 92240 MALAKOFF,92240
Murianette,LA POSTE,356000000,53.10Z,53,,,DIRECTION GENERALE DE LA POSTE 9 RUE DU COLONEL PIERRE AVIA 75015 PARIS,75015
Murianette,ELECTRICITE DE FRANCE,552081317,35.11Z,53,,,22-30 22 AVENUE DE WAGRAM 75008 PARIS,75008
Murianette,ELIOR RESTAURATION FRANCE,662025196,56.29B,53,,,51 CHEMIN DES MECHES 94000 CRETEIL,94000
Murianette,SOCIETE GENERALE,552120222,64.19Z,53,,,29 BOULEVARD HAUSSMANN 75009 PARIS,75009
Murianette,SNCF RESEAU,412280737,52.21Z,53,,,15 AU 17 15 RUE JEAN-PHILIPPE RAMEAU 93200 SAINT-DENIS,93200
Murianette,BNP PARIBAS,662042449,64.19Z,53,,,16 BOULEVARD DES ITALIENS 75009 PARIS,75009
Murianette,LE SOUVENIR FRANCAIS,775676182,94.99Z,11,,,20 RUE EUGENE FLACHAT 75017 PARIS,75017
Murianette,ORANGE,380129866,61.10Z,53,,,111 QUAI DU PRESIDENT ROOSEVELT 92130 ISSY-LES-MOULINEAUX,92130
Murianette,COMPASS GROUP FRANCE,632041042,56.29A,53,,,15 BOULEVARD GABRIEL PERI 92240 MALAKOFF,92240
Murianette,LIDL,343262622,47.11D,53,,,1 RUE DE HANOVRE 92290 CHATENAY-MALABRY,92290
Seyssins,LA POSTE,356000000,53.10Z,53,,,DIRECTION GENERALE DE LA POSTE 9 RUE DU COLONEL PIERRE AVIA 75015 PARIS,75015
Seyssins,ELECTRICITE DE FRANCE,552081317,35.11Z,53,,,22-30 22 AVENUE DE WAGRAM 75008 PARIS,75008
Seyssins,ELIOR RESTAURATION FRANCE,662025196,56.29B,53,,,51 CHEMIN DES MECHES 94000 CRETEIL,94000
Seyssins,SOCIETE GENERALE,552120222,64.19Z,53,,,29 BOULEVARD HAUSSMANN 75009 PARIS,75009
Seyssins,SNCF RESEAU,412280737,52.21Z,53,,,15 AU 17 15 RUE JEAN-PHILIPPE RAMEAU 93200 SAINT-DENIS,93200
Seyssins,CROIX ROUGE FRANCAISE,775672272,88.99B,53,,,SITE CROIX ROUGE 98 RUE DIDOT 75014 PARIS,75014
Seyssins,BNP PARIBAS,662042449,64.19Z,53,,,16 BOULEVARD DES ITALIENS 75009 PARIS,75009
Seyssins,LE SOUVENIR FRANCAIS,775676182,94.99Z,11,,,20 RUE EUGENE FLACHAT 75017 PARIS,75017
Seyssins,ORANGE,380129866,61.10Z,53,,,111 QUAI DU PRESIDENT ROOSEVELT 92130 ISSY-LES-MOULINEAUX,92130
Seyssins,COMPASS GROUP FRANCE,632041042,56.29A,53,,,15 BOULEVARD GABRIEL PERI 92240 MALAKOFF,92240
Saint-Paul-de-Varces,LA POSTE,356000000,53.10Z,53,,,DIRECTION GENERALE DE LA POSTE 9 RUE DU COLONEL PIERRE AVIA 75015 PARIS,75015
Saint-Paul-de-Varces,ELECTRICITE DE FRANCE,552081317,35.11Z,53,,,22-30 22 AVENUE DE WAGRAM 75008 PARIS,75008
Saint-Paul-de-Varces,SOCIETE GENERALE,552120222,64.19Z,53,,,29 BOULEVARD HAUSSMANN 75009 PARIS,75009
Saint-Paul-de-Varces,SNCF RESEAU,412280737,52.21Z,53,,,15 AU 17 15 RUE JEAN-PHILIPPE RAMEAU 93200 SAINT-DENIS,93200
Saint-Paul-de-Varces,BNP PARIBAS,662042449,64.19Z,53,,,16 BOULEVARD DES ITALIENS 75009 PARIS,75009
Saint-Paul-de-Varces,LE SOUVENIR FRANCAIS,775676182,94.99Z,11,,,20 RUE EUGENE FLACHAT 75017 PARIS,75017
Saint-Paul-de-Varces,COMPASS GROUP FRANCE,632041042,56.29A,53,,,15 BOULEVARD GABRIEL PERI 92240 MALAKOFF,92240
Saint-Paul-de-Varces,DISTRIBUTION CASINO FRANCE,428268023,47.11F,53,,,1 COURS ANTOINE GUICHARD 42000 SAINT-ETIENNE,42000
Saint-Paul-de-Varces,CAP SUD FRANCE,531757029,43.22B,NN,,,85 RUE CONDORCET 38090 VAULX-MILIEU,38090
Saint-Paul-de-Varces,EVANCIA,447818600,88.91A,51,,,60 AVENUE DE L’EUROPE 92270 BOIS-COLOMBES,92270
Veurey-Voroize,LA POSTE,356000000,53.10Z,53,,,DIRECTION GENERALE DE LA POSTE 9 RUE DU COLONEL PIERRE AVIA 75015 PARIS,75015
Veurey-Voroize,ELIOR RESTAURATION FRANCE,662025196,56.29B,53,,,51 CHEMIN DES MECHES 94000 CRETEIL,94000
Veurey-Voroize,SOCIETE GENERALE,552120222,64.19Z,53,,,29 BOULEVARD HAUSSMANN 75009 PARIS,75009
Veurey-Voroize,SNCF RESEAU,412280737,52.21Z,53,,,15 AU 17 15 RUE JEAN-PHILIPPE RAMEAU 93200 SAINT-DENIS,93200
Veurey-Voroize,BNP PARIBAS,662042449,64.19Z,53,,,16 BOULEVARD DES ITALIENS 75009 PARIS,75009
Veurey-Voroize,LE SOUVENIR FRANCAIS,775676182,94.99Z,11,,,20 RUE EUGENE FLACHAT 75017 PARIS,75017
Veurey-Voroize,COMPASS GROUP FRANCE,632041042,56.29A,53,,,15 BOULEVARD GABRIEL PERI 92240 MALAKOFF,92240
Veurey-Voroize,MCDONALD'S FRANCE,722003936,68.20B,NN,,,Z I 1 RUE GUSTAVE EIFFEL 78280 GUYANCOURT,78280
Veurey-Voroize,API RESTAURATION,477181010,56.29A,52,,,384 RUE DU GENERAL DE GAULLE 59370 MONS-EN-BARŒUL,59370
Veurey-Voroize,SOGERES,572102176,56.29B,52,,,6 RUE DE LA REDOUTE 78280 GUYANCOURT,78280
Noyarey,LA POSTE,356000000,53.10Z,53,,,DIRECTION GENERALE DE LA POSTE 9 RUE DU COLONEL PIERRE AVIA 75015 PARIS,75015
Noyarey,ELECTRICITE DE FRANCE,552081317,35.11Z,53,,,22-30 22 AVENUE DE WAGRAM 75008 PARIS,75008
Noyarey,ELIOR RESTAURATION FRANCE,662025196,56.29B,53,,,51 CHEMIN DES MECHES 94000 CRETEIL,94000
Noyarey,BNP PARIBAS,662042449,64.19Z,53,,,16 BOULEVARD DES ITALIENS 75009 PARIS,75009
Noyarey,ORANGE,380129866,61.10Z,53,,,111 QUAI DU PRESIDENT ROOSEVELT 92130 ISSY-LES-MOULINEAUX,92130
Noyarey,COMPASS GROUP FRANCE,632041042,56.29A,53,,,15 BOULEVARD GABRIEL PERI 92240 MALAKOFF,92240
Noyarey,CREDIT LYONNAIS,954509741,64.19Z,53,,,18 RUE DE LA REPUBLIQUE 69002 LYON,69002
Noyarey,PICARD SURGELES,784939688,47.11A,52,,,1 ROUTE MILITAIRE 77300 FONTAINEBLEAU,77300
Noyarey,SODEXO ENTREPRISES,338253230,56.29A,52,,,6 RUE DE LA REDOUTE 78280 GUYANCOURT,78280
Noyarey,SODEXO SANTE MEDICO SOCIAL,338253081,56.29A,52,,,6 RUE DE LA REDOUTE 78280 GUYANCOURT,78280
Quaix-en-Chartreuse,LA POSTE,356000000,53.10Z,53,,,DIRECTION GENERALE DE LA POSTE 9 RUE DU COLONEL PIERRE AVIA 75015 PARIS,75015
Quaix-en-Chartreuse,ELIOR RESTAURATION FRANCE,662025196,56.29B,53,,,51 CHEMIN DES MECHES 94000 CRETEIL,94000
Quaix-en-Chartreuse,SOCIETE GENERALE,552120222,64.19Z,53,,,29 BOULEVARD HAUSSMANN 75009 PARIS,75009
Quaix-en-Chartreuse,BNP PARIBAS,662042449,64.19Z,53,,,16 BOULEVARD DES ITALIENS 75009 PARIS,75009
Quaix-en-Chartreuse,CREDIT LYONNAIS,954509741,64.19Z,53,,,18 RUE DE LA REPUBLIQUE 69002 LYON,69002
Quaix-en-Chartreuse,SODEXO SANTE MEDICO SOCIAL,338253081,56.29A,52,,,6 RUE DE LA REDOUTE 78280 GUYANCOURT,78280
Quaix-en-Chartreuse,DISTRIBUTION CASINO FRANCE,428268023,47.11F,53,,,1 COURS ANTOINE GUICHARD 42000 SAINT-ETIENNE,42000
Quaix-en-Chartreuse,MACIF,781452511,65.12Z,53,,,1 RUE JACQUES VANDIER 79000 NIORT,79000
Quaix-en-Chartreuse,LYONNAISE DE BANQUE,954507976,64.19Z,51,,,8 RUE DE LA REPUBLIQUE 69001 LYON,69001
Quaix-en-Chartreuse,GROUPAMA RHONE ALPES AUVERGNE,779838366,65.12Z,51,,,50 RUE DE SAINT-CYR 69009 LYON,69009
Saint-Ismier,LA POSTE,356000000,53.10Z,53,,,DIRECTION GENERALE DE LA POSTE 9 RUE DU COLONEL PIERRE AVIA 75015 PARIS,75015
Saint-Ismier,ELIOR RESTAURATION FRANCE,662025196,56.29B,53,,,51 CHEMIN DES MECHES 94000 CRETEIL,94000
Saint-Ismier,SOCIETE GENERALE,552120222,64.19Z,53,,,29 BOULEVARD HAUSSMANN 75009 PARIS,75009
Saint-Ismier,BNP PARIBAS,662042449,64.19Z,53,,,16 BOULEVARD DES ITALIENS 75009 PARIS,75009
Saint-Ismier,ORANGE,380129866,61.10Z,53,,,111 QUAI DU PRESIDENT ROOSEVELT 92130 ISSY-LES-MOULINEAUX,92130
Saint-Ismier,COMPASS GROUP FRANCE,632041042,56.29A,53,,,15 BOULEVARD GABRIEL PERI 92240 MALAKOFF,92240
Saint-Ismier,CARREFOUR PROXIMITE FRANCE,345130488,77.40Z,41,,,ZI ROUTE DE PARIS 14120 MONDEVILLE,14120
Saint-Ismier,CREDIT LYONNAIS,954509741,64.19Z,53,,,18 RUE DE LA REPUBLIQUE 69002 LYON,69002
Saint-Ismier,SOGERES,572102176,56.29B,52,,,6 RUE DE LA REDOUTE 78280 GUYANCOURT,78280
Saint-Ismier,SODEXO SANTE MEDICO SOCIAL,338253081,56.29A,52,,,6 RUE DE LA REDOUTE 78280 GUYANCOURT,78280
Chasse-sur-Rhône,LA POSTE,356000000,53.10Z,53,,,DIRECTION GENERALE DE LA POSTE 9 RUE DU COLONEL PIERRE AVIA 75015 PARIS,75015
Chasse-sur-Rhône,ELECTRICITE DE FRANCE,552081317,35.11Z,53,,,22-30 22 AVENUE DE WAGRAM 75008 PARIS,75008
Chasse-sur-Rhône,ELIOR RESTAURATION FRANCE,662025196,56.29B,53,,,51 CHEMIN DES MECHES 94000 CRETEIL,94000
Chasse-sur-Rhône,SOCIETE GENERALE,552120222,64.19Z,53,,,29 BOULEVARD HAUSSMANN 75009 PARIS,75009
Chasse-sur-Rhône,SNCF RESEAU,412280737,52.21Z,53,,,15 AU 17 15 RUE JEAN-PHILIPPE RAMEAU 93200 SAINT-DENIS,93200
Chasse-sur-Rhône,BNP PARIBAS,662042449,64.19Z,53,,,16 BOULEVARD DES ITALIENS 75009 PARIS,75009
Chasse-sur-Rhône,ORANGE,380129866,61.10Z,53,,,111 QUAI DU PRESIDENT ROOSEVELT 92130 ISSY-LES-MOULINEAUX,92130
Chasse-sur-Rhône,COMPASS GROUP FRANCE,632041042,56.29A,53,,,15 BOULEVARD GABRIEL PERI 92240 MALAKOFF,92240
Chasse-sur-Rhône,LIDL,343262622,47.11D,53,,,1 RUE DE HANOVRE 92290 CHATENAY-MALABRY,92290
Chasse-sur-Rhône,OGF SERVICES FUNERAIRES,828160069,96.03Z,02,,,IMMEUBLE CANOPY 6 RUE DU GENERAL AUDRAN 92400 COURBEVOIE,92400
La Tronche,LA POSTE,356000000,53.10Z,53,,,DIRECTION GENERALE DE LA POSTE 9 RUE DU COLONEL PIERRE AVIA 75015 PARIS,75015
La Tronche,ELECTRICITE DE FRANCE,552081317,35.11Z,53,,,22-30 22 AVENUE DE WAGRAM 75008 PARIS,75008
La Tronche,ELIOR RESTAURATION FRANCE,662025196,56.29B,53,,,51 CHEMIN DES MECHES 94000 CRETEIL,94000
La Tronche,SOCIETE GENERALE,552120222,64.19Z,53,,,29 BOULEVARD HAUSSMANN 75009 PARIS,75009
La Tronche,SNCF RESEAU,412280737,52.21Z,53,,,15 AU 17 15 RUE JEAN-PHILIPPE RAMEAU 93200 SAINT-DENIS,93200
La Tronche,CROIX ROUGE FRANCAISE,775672272,88.99B,53,,,SITE CROIX ROUGE 98 RUE DIDOT 75014 PARIS,75014
La Tronche,BNP PARIBAS,662042449,64.19Z,53,,,16 BOULEVARD DES ITALIENS 75009 PARIS,75009
La Tronche,LE SOUVENIR FRANCAIS,775676182,94.99Z,11,,,20 RUE EUGENE FLACHAT 75017 PARIS,75017
La Tronche,ORANGE,380129866,61.10Z,53,,,111 QUAI DU PRESIDENT ROOSEVELT 92130 ISSY-LES-MOULINEAUX,92130
La Tronche,COMPASS GROUP FRANCE,632041042,56.29A,53,,,15 BOULEVARD GABRIEL PERI 92240 MALAKOFF,92240
Corenc,LA POSTE,356000000,53.10Z,53,,,DIRECTION GENERALE DE LA POSTE 9 RUE DU COLONEL PIERRE AVIA 75015 PARIS,75015
Corenc,ELECTRICITE DE FRANCE,552081317,35.11Z,53,,,22-30 22 AVENUE DE WAGRAM 75008 PARIS,75008
Corenc,ELIOR RESTAURATION FRANCE,662025196,56.29B,53,,,51 CHEMIN DES MECHES 94000 CRETEIL,94000
Corenc,SOCIETE GENERALE,552120222,64.19Z,53,,,29 BOULEVARD HAUSSMANN 75009 PARIS,75009
Corenc,SNCF RESEAU,412280737,52.21Z,53,,,15 AU 17 15 RUE JEAN-PHILIPPE RAMEAU 93200 SAINT-DENIS,93200
Corenc,BNP PARIBAS,662042449,64.19Z,53,,,16 BOULEVARD DES ITALIENS 75009 PARIS,75009
Corenc,LE SOUVENIR FRANCAIS,775676182,94.99Z,11,,,20 RUE EUGENE FLACHAT 75017 PARIS,75017
Corenc,ORANGE,380129866,61.10Z,53,,,111 QUAI DU PRESIDENT ROOSEVELT 92130 ISSY-LES-MOULINEAUX,92130
Corenc,COMPASS GROUP FRANCE,632041042,56.29A,53,,,15 BOULEVARD GABRIEL PERI 92240 MALAKOFF,92240
Corenc,LIDL,343262622,47.11D,53,,,1 RUE DE HANOVRE 92290 CHATENAY-MALABRY,92290
